subject_id,run_id,run_label,file_path,split,file_exists,file_size_bytes,readable,n_channels,n_eeg_channels,sfreq,duration_seconds,n_samples,has_annotation_channel,n_t0_events,n_t1_events,n_t2_events,n_total_events,duplicate_markers,events_outside_recording,has_nan,has_inf,n_flat_channels,n_outlier_channels,flat_channels,outlier_channels,is_binary_mi_run,expected_t1_label,expected_t2_label,usable_trial_count,status,warnings,classification_reason,error_message
S001,4,R04,data/raw/physionet/S001/S001R04.edf,train,True,2596896,True,64,64,160.0,124.99375,20000,True,15,8,7,30,0,0,False,False,0,5,,Fp1.|Fp2.|Af7.|Af3.|Af8.,True,left_fist_imagery,right_fist_imagery,15,VALID_WITH_WARNINGS,"5 amplitude-outlier channel(s) (> 500.0 µV): Fp1., Fp2., Af7., Af3., Af8.","1 warning(s): 5 amplitude-outlier channel(s) (> 500.0 µV): Fp1., Fp2., Af7., Af3., Af8.",
S001,8,R08,data/raw/physionet/S001/S001R08.edf,train,True,2596896,True,64,64,160.0,124.99375,20000,True,15,8,7,30,0,0,False,False,0,6,,Fp1.|Fpz.|Fp2.|Af7.|Af3.|F8..,True,left_fist_imagery,right_fist_imagery,15,VALID_WITH_WARNINGS,"6 amplitude-outlier channel(s) (> 500.0 µV): Fp1., Fpz., Fp2., Af7., Af3. ...","1 warning(s): 6 amplitude-outlier channel(s) (> 500.0 µV): Fp1., Fpz., Fp2., Af7., Af3. ...",
S001,12,R12,data/raw/physionet/S001/S001R12.edf,train,True,2596896,True,64,64,160.0,124.99375,20000,True,15,7,8,30,0,0,False,False,0,5,,Fp1.|Fpz.|Fp2.|Af7.|Af3.,True,left_fist_imagery,right_fist_imagery,15,VALID_WITH_WARNINGS,"5 amplitude-outlier channel(s) (> 500.0 µV): Fp1., Fpz., Fp2., Af7., Af3.","1 warning(s): 5 amplitude-outlier channel(s) (> 500.0 µV): Fp1., Fpz., Fp2., Af7., Af3.",
S003,4,R04,data/raw/physionet/S003/S003R04.edf,train,True,2596896,True,64,64,160.0,124.99375,20000,True,15,8,7,30,0,0,False,False,0,6,,Fp1.|Fpz.|Fp2.|Af7.|Af4.|Af8.,True,left_fist_imagery,right_fist_imagery,15,VALID_WITH_WARNINGS,"6 amplitude-outlier channel(s) (> 500.0 µV): Fp1., Fpz., Fp2., Af7., Af4. ...","1 warning(s): 6 amplitude-outlier channel(s) (> 500.0 µV): Fp1., Fpz., Fp2., Af7., Af4. ...",
S003,8,R08,data/raw/physionet/S003/S003R08.edf,train,True,2596896,True,64,64,160.0,124.99375,20000,True,15,7,8,30,0,0,False,False,0,14,,Fp1.|Fpz.|Fp2.|Af7.|Af3.|Afz.|Af4.|Af8.|F7..|F5..|F2..|F4..|F6..|F8..,True,left_fist_imagery,right_fist_imagery,15,VALID_WITH_WARNINGS,"14 amplitude-outlier channel(s) (> 500.0 µV): Fp1., Fpz., Fp2., Af7., Af3. ...","1 warning(s): 14 amplitude-outlier channel(s) (> 500.0 µV): Fp1., Fpz., Fp2., Af7., Af3. ...",
S003,12,R12,data/raw/physionet/S003/S003R12.edf,train,True,2596896,True,64,64,160.0,124.99375,20000,True,15,8,7,30,0,0,False,False,0,54,,Fc5.|Fc3.|Fc1.|Fcz.|Fc2.|Fc4.|Fc6.|C5..|C3..|C1..|Cz..|C6..|Cp5.|Fp1.|Fpz.|Fp2.|Af7.|Af3.|Afz.|Af4.|Af8.|F7..|F5..|F3..|F1..|Fz..|F6..|F8..|Ft7.|Ft8.|T7..|T8..|T9..|T10.|Tp7.|Tp8.|P7..|P5..|P3..|P1..|Pz..|P2..|P4..|P6..|P8..|Po7.|Po3.|Poz.|Po4.|Po8.|O1..|Oz..|O2..|Iz..,True,left_fist_imagery,right_fist_imagery,15,VALID_WITH_WARNINGS,"54 amplitude-outlier channel(s) (> 500.0 µV): Fc5., Fc3., Fc1., Fcz., Fc2. ...","1 warning(s): 54 amplitude-outlier channel(s) (> 500.0 µV): Fc5., Fc3., Fc1., Fcz., Fc2. ...",
S009,4,R04,data/raw/physionet/S009/S009R04.edf,train,True,2555616,True,64,64,160.0,122.99375,19680,True,15,8,7,30,0,0,False,False,0,23,,Fc5.|Fc6.|C5..|Fp1.|Fpz.|Fp2.|Af7.|Af3.|Afz.|Af4.|Af8.|F7..|F5..|F3..|F1..|Fz..|F2..|F4..|F6..|F8..|Ft7.|T7..|P4..,True,left_fist_imagery,right_fist_imagery,15,VALID_WITH_WARNINGS,"23 amplitude-outlier channel(s) (> 500.0 µV): Fc5., Fc6., C5.., Fp1., Fpz. ...","1 warning(s): 23 amplitude-outlier channel(s) (> 500.0 µV): Fc5., Fc6., C5.., Fp1., Fpz. ...",
S009,8,R08,data/raw/physionet/S009/S009R08.edf,train,True,2555616,True,64,64,160.0,122.99375,19680,True,15,8,7,30,0,0,False,False,0,19,,Fc6.|C6..|Fp1.|Fpz.|Fp2.|Af7.|Af3.|Afz.|Af4.|Af8.|F7..|F5..|F3..|F1..|F4..|F6..|F8..|Ft7.|Ft8.,True,left_fist_imagery,right_fist_imagery,15,VALID_WITH_WARNINGS,"19 amplitude-outlier channel(s) (> 500.0 µV): Fc6., C6.., Fp1., Fpz., Fp2. ...","1 warning(s): 19 amplitude-outlier channel(s) (> 500.0 µV): Fc6., C6.., Fp1., Fpz., Fp2. ...",
S009,12,R12,data/raw/physionet/S009/S009R12.edf,train,True,2555616,True,64,64,160.0,122.99375,19680,True,15,8,7,30,0,0,False,False,0,15,,Fc4.|Fc6.|Fp1.|Fpz.|Fp2.|Af7.|Af3.|Afz.|Af4.|Af8.|F7..|F5..|F3..|F6..|F8..,True,left_fist_imagery,right_fist_imagery,15,VALID_WITH_WARNINGS,"15 amplitude-outlier channel(s) (> 500.0 µV): Fc4., Fc6., Fp1., Fpz., Fp2. ...","1 warning(s): 15 amplitude-outlier channel(s) (> 500.0 µV): Fc4., Fc6., Fp1., Fpz., Fp2. ...",
S010,4,R04,data/raw/physionet/S010/S010R04.edf,train,True,2555616,True,64,64,160.0,122.99375,19680,True,15,8,7,30,0,0,False,False,0,12,,Fp1.|Fpz.|Fp2.|Af7.|Af3.|Afz.|Af4.|Af8.|F5..|F1..|P7..|Po3.,True,left_fist_imagery,right_fist_imagery,15,VALID_WITH_WARNINGS,"12 amplitude-outlier channel(s) (> 500.0 µV): Fp1., Fpz., Fp2., Af7., Af3. ...","1 warning(s): 12 amplitude-outlier channel(s) (> 500.0 µV): Fp1., Fpz., Fp2., Af7., Af3. ...",
S010,8,R08,data/raw/physionet/S010/S010R08.edf,train,True,2555616,True,64,64,160.0,122.99375,19680,True,15,8,7,30,0,0,False,False,0,42,,Fc5.|Fc1.|Fcz.|Fc4.|C3..|C4..|Cp5.|Cp3.|Cpz.|Cp6.|Fp1.|Fpz.|Fp2.|Af7.|Af3.|Afz.|Af8.|F7..|F5..|F3..|F1..|F2..|F6..|Ft7.|Ft8.|T7..|T8..|T10.|Tp7.|Tp8.|P7..|P5..|P3..|P6..|P8..|Po7.|Po3.|Poz.|Po8.|O1..|Oz..|O2..,True,left_fist_imagery,right_fist_imagery,15,VALID_WITH_WARNINGS,"42 amplitude-outlier channel(s) (> 500.0 µV): Fc5., Fc1., Fcz., Fc4., C3.. ...","1 warning(s): 42 amplitude-outlier channel(s) (> 500.0 µV): Fc5., Fc1., Fcz., Fc4., C3.. ...",
S010,12,R12,data/raw/physionet/S010/S010R12.edf,train,True,2555616,True,64,64,160.0,122.99375,19680,True,15,8,7,30,0,0,False,False,0,37,,Fc5.|Fc3.|Fc1.|Fcz.|C5..|C3..|C4..|C6..|Cp3.|Cp6.|Fp1.|Fpz.|Fp2.|Af7.|Af3.|Afz.|Af4.|Af8.|F7..|F5..|F3..|F1..|F2..|F4..|F6..|Ft8.|T8..|T10.|Tp8.|P6..|P8..|Po3.|Poz.|Po8.|O1..|Oz..|O2..,True,left_fist_imagery,right_fist_imagery,15,VALID_WITH_WARNINGS,"37 amplitude-outlier channel(s) (> 500.0 µV): Fc5., Fc3., Fc1., Fcz., C5.. ...","1 warning(s): 37 amplitude-outlier channel(s) (> 500.0 µV): Fc5., Fc3., Fc1., Fcz., C5.. ...",
S013,4,R04,data/raw/physionet/S013/S013R04.edf,train,True,2555616,True,64,64,160.0,122.99375,19680,True,15,8,7,30,0,0,False,False,0,12,,Fp1.|Fpz.|Fp2.|Af7.|Af3.|Afz.|Af4.|Af8.|F7..|F5..|F6..|F8..,True,left_fist_imagery,right_fist_imagery,15,VALID_WITH_WARNINGS,"12 amplitude-outlier channel(s) (> 500.0 µV): Fp1., Fpz., Fp2., Af7., Af3. ...","1 warning(s): 12 amplitude-outlier channel(s) (> 500.0 µV): Fp1., Fpz., Fp2., Af7., Af3. ...",
S013,8,R08,data/raw/physionet/S013/S013R08.edf,train,True,2555616,True,64,64,160.0,122.99375,19680,True,15,8,7,30,0,0,False,False,0,44,,Fc5.|Fc3.|Fcz.|Fc2.|Fc4.|Fc6.|C5..|C3..|C1..|C6..|Cp5.|Cp3.|Fp1.|Fpz.|Fp2.|Af7.|Af3.|Af4.|Af8.|F7..|F5..|F4..|F8..|Ft7.|Ft8.|T7..|T8..|T9..|T10.|Tp7.|Tp8.|P7..|P1..|P4..|P6..|P8..|Po7.|Po3.|Poz.|Po8.|O1..|Oz..|O2..|Iz..,True,left_fist_imagery,right_fist_imagery,15,VALID_WITH_WARNINGS,"44 amplitude-outlier channel(s) (> 500.0 µV): Fc5., Fc3., Fcz., Fc2., Fc4. ...","1 warning(s): 44 amplitude-outlier channel(s) (> 500.0 µV): Fc5., Fc3., Fcz., Fc2., Fc4. ...",
S013,12,R12,data/raw/physionet/S013/S013R12.edf,train,True,2555616,True,64,64,160.0,122.99375,19680,True,15,7,8,30,0,0,False,False,0,17,,Fc3.|Fp1.|Fpz.|Fp2.|Af7.|Af3.|Afz.|Af4.|Af8.|F7..|F5..|F3..|F1..|F4..|F6..|F8..|Tp7.,True,left_fist_imagery,right_fist_imagery,15,VALID_WITH_WARNINGS,"17 amplitude-outlier channel(s) (> 500.0 µV): Fc3., Fp1., Fpz., Fp2., Af7. ...","1 warning(s): 17 amplitude-outlier channel(s) (> 500.0 µV): Fc3., Fp1., Fpz., Fp2., Af7. ...",
S015,4,R04,data/raw/physionet/S015/S015R04.edf,train,True,2555616,True,64,64,160.0,122.99375,19680,True,15,7,8,30,0,0,False,False,0,8,,Fp1.|Fpz.|Fp2.|Af7.|Af3.|Afz.|Af8.|F7..,True,left_fist_imagery,right_fist_imagery,15,VALID_WITH_WARNINGS,"8 amplitude-outlier channel(s) (> 500.0 µV): Fp1., Fpz., Fp2., Af7., Af3. ...","1 warning(s): 8 amplitude-outlier channel(s) (> 500.0 µV): Fp1., Fpz., Fp2., Af7., Af3. ...",
S015,8,R08,data/raw/physionet/S015/S015R08.edf,train,True,2555616,True,64,64,160.0,122.99375,19680,True,15,8,7,30,0,0,False,False,0,6,,Fp1.|Fpz.|Fp2.|Af7.|Af3.|Af8.,True,left_fist_imagery,right_fist_imagery,15,VALID_WITH_WARNINGS,"6 amplitude-outlier channel(s) (> 500.0 µV): Fp1., Fpz., Fp2., Af7., Af3. ...","1 warning(s): 6 amplitude-outlier channel(s) (> 500.0 µV): Fp1., Fpz., Fp2., Af7., Af3. ...",
S015,12,R12,data/raw/physionet/S015/S015R12.edf,train,True,2555616,True,64,64,160.0,122.99375,19680,True,15,8,7,30,0,0,False,False,0,9,,Fp1.|Fpz.|Fp2.|Af7.|Af3.|Afz.|Af8.|F7..|F5..,True,left_fist_imagery,right_fist_imagery,15,VALID_WITH_WARNINGS,"9 amplitude-outlier channel(s) (> 500.0 µV): Fp1., Fpz., Fp2., Af7., Af3. ...","1 warning(s): 9 amplitude-outlier channel(s) (> 500.0 µV): Fp1., Fpz., Fp2., Af7., Af3. ...",
S017,4,R04,data/raw/physionet/S017/S017R04.edf,train,True,2555616,True,64,64,160.0,122.99375,19680,True,15,7,8,30,0,0,False,False,0,41,,Fc5.|Fc3.|Fc1.|Fcz.|Fc2.|Fc4.|Fc6.|C5..|C3..|C1..|Cz..|C2..|C4..|C6..|Cp5.|Cp3.|Cpz.|Cp2.|Cp4.|Cp6.|Fp1.|Fpz.|Fp2.|Af7.|Af3.|Afz.|Af4.|Af8.|F7..|F5..|F3..|F1..|Fz..|F2..|F4..|F6..|F8..|Ft7.|Ft8.|T10.|O2..,True,left_fist_imagery,right_fist_imagery,15,VALID_WITH_WARNINGS,"41 amplitude-outlier channel(s) (> 500.0 µV): Fc5., Fc3., Fc1., Fcz., Fc2. ...","1 warning(s): 41 amplitude-outlier channel(s) (> 500.0 µV): Fc5., Fc3., Fc1., Fcz., Fc2. ...",
S017,8,R08,data/raw/physionet/S017/S017R08.edf,train,True,2555616,True,64,64,160.0,122.99375,19680,True,15,8,7,30,0,0,False,False,0,32,,Fc5.|Fc3.|Fc1.|Fcz.|Fc2.|Fc4.|Fc6.|C5..|C3..|C2..|Fp1.|Fpz.|Fp2.|Af7.|Af3.|Afz.|Af4.|Af8.|F7..|F5..|F3..|F1..|Fz..|F2..|F4..|F6..|F8..|Ft7.|Ft8.|T10.|Tp8.|Po3.,True,left_fist_imagery,right_fist_imagery,15,VALID_WITH_WARNINGS,"32 amplitude-outlier channel(s) (> 500.0 µV): Fc5., Fc3., Fc1., Fcz., Fc2. ...","1 warning(s): 32 amplitude-outlier channel(s) (> 500.0 µV): Fc5., Fc3., Fc1., Fcz., Fc2. ...",
S017,12,R12,data/raw/physionet/S017/S017R12.edf,train,True,2555616,True,64,64,160.0,122.99375,19680,True,15,8,7,30,0,0,False,False,0,47,,Fc5.|Fc3.|Fc1.|Fcz.|Fc2.|Fc4.|Fc6.|C5..|C3..|C1..|Cz..|C4..|C6..|Cp3.|Cp2.|Cp4.|Cp6.|Fp1.|Fpz.|Fp2.|Af7.|Af3.|Afz.|Af4.|Af8.|F7..|F5..|F3..|F1..|Fz..|F2..|F4..|F6..|F8..|Ft7.|Ft8.|T7..|T8..|T10.|Tp8.|P2..|P4..|P6..|P8..|Po4.|Po8.|O2..,True,left_fist_imagery,right_fist_imagery,15,VALID_WITH_WARNINGS,"47 amplitude-outlier channel(s) (> 500.0 µV): Fc5., Fc3., Fc1., Fcz., Fc2. ...","1 warning(s): 47 amplitude-outlier channel(s) (> 500.0 µV): Fc5., Fc3., Fc1., Fcz., Fc2. ...",
S019,4,R04,data/raw/physionet/S019/S019R04.edf,train,True,2555616,True,64,64,160.0,122.99375,19680,True,15,8,7,30,0,0,False,False,0,16,,Fp1.|Fpz.|Fp2.|Af7.|Af3.|Afz.|Af4.|Af8.|F7..|F5..|F3..|F1..|Fz..|F2..|F4..|F8..,True,left_fist_imagery,right_fist_imagery,15,VALID_WITH_WARNINGS,"16 amplitude-outlier channel(s) (> 500.0 µV): Fp1., Fpz., Fp2., Af7., Af3. ...","1 warning(s): 16 amplitude-outlier channel(s) (> 500.0 µV): Fp1., Fpz., Fp2., Af7., Af3. ...",
S019,8,R08,data/raw/physionet/S019/S019R08.edf,train,True,2555616,True,64,64,160.0,122.99375,19680,True,15,8,7,30,0,0,False,False,0,7,,Fp1.|Fpz.|Fp2.|Af7.|Af8.|F7..|F6..,True,left_fist_imagery,right_fist_imagery,15,VALID_WITH_WARNINGS,"7 amplitude-outlier channel(s) (> 500.0 µV): Fp1., Fpz., Fp2., Af7., Af8. ...","1 warning(s): 7 amplitude-outlier channel(s) (> 500.0 µV): Fp1., Fpz., Fp2., Af7., Af8. ...",
S019,12,R12,data/raw/physionet/S019/S019R12.edf,train,True,2555616,True,64,64,160.0,122.99375,19680,True,15,7,8,30,0,0,False,False,0,10,,Fp1.|Fpz.|Fp2.|Af7.|Af3.|Afz.|Af4.|Af8.|F7..|F4..,True,left_fist_imagery,right_fist_imagery,15,VALID_WITH_WARNINGS,"10 amplitude-outlier channel(s) (> 500.0 µV): Fp1., Fpz., Fp2., Af7., Af3. ...","1 warning(s): 10 amplitude-outlier channel(s) (> 500.0 µV): Fp1., Fpz., Fp2., Af7., Af3. ...",
S022,4,R04,data/raw/physionet/S022/S022R04.edf,train,True,2596896,True,64,64,160.0,124.99375,20000,True,15,7,8,30,0,0,False,False,0,16,,Fp1.|Fpz.|Fp2.|Af7.|Af3.|Afz.|Af4.|Af8.|F7..|F5..|F3..|F2..|F4..|F6..|F8..|Ft8.,True,left_fist_imagery,right_fist_imagery,15,VALID_WITH_WARNINGS,"16 amplitude-outlier channel(s) (> 500.0 µV): Fp1., Fpz., Fp2., Af7., Af3. ...","1 warning(s): 16 amplitude-outlier channel(s) (> 500.0 µV): Fp1., Fpz., Fp2., Af7., Af3. ...",
S022,8,R08,data/raw/physionet/S022/S022R08.edf,train,True,2596896,True,64,64,160.0,124.99375,20000,True,15,8,7,30,0,0,False,False,0,13,,Cp1.|Cp2.|Fp1.|Fpz.|Fp2.|Af7.|Af3.|Afz.|Af4.|Af8.|F7..|F5..|F8..,True,left_fist_imagery,right_fist_imagery,15,VALID_WITH_WARNINGS,"13 amplitude-outlier channel(s) (> 500.0 µV): Cp1., Cp2., Fp1., Fpz., Fp2. ...","1 warning(s): 13 amplitude-outlier channel(s) (> 500.0 µV): Cp1., Cp2., Fp1., Fpz., Fp2. ...",
S022,12,R12,data/raw/physionet/S022/S022R12.edf,train,True,2596896,True,64,64,160.0,124.99375,20000,True,15,7,8,30,0,0,False,False,0,6,,Fp1.|Fpz.|Fp2.|Af7.|Af3.|Af8.,True,left_fist_imagery,right_fist_imagery,15,VALID_WITH_WARNINGS,"6 amplitude-outlier channel(s) (> 500.0 µV): Fp1., Fpz., Fp2., Af7., Af3. ...","1 warning(s): 6 amplitude-outlier channel(s) (> 500.0 µV): Fp1., Fpz., Fp2., Af7., Af3. ...",
S023,4,R04,data/raw/physionet/S023/S023R04.edf,train,True,2555616,True,64,64,160.0,122.99375,19680,True,15,8,7,30,0,0,False,False,0,10,,Fp1.|Fpz.|Fp2.|Af7.|Af3.|Af8.|F7..|F5..|F1..|Po8.,True,left_fist_imagery,right_fist_imagery,15,VALID_WITH_WARNINGS,"10 amplitude-outlier channel(s) (> 500.0 µV): Fp1., Fpz., Fp2., Af7., Af3. ...","1 warning(s): 10 amplitude-outlier channel(s) (> 500.0 µV): Fp1., Fpz., Fp2., Af7., Af3. ...",
S023,8,R08,data/raw/physionet/S023/S023R08.edf,train,True,2555616,True,64,64,160.0,122.99375,19680,True,15,7,8,30,0,0,False,False,0,8,,Fp1.|Fpz.|Fp2.|Af7.|Af3.|Af8.|F7..|F5..,True,left_fist_imagery,right_fist_imagery,15,VALID_WITH_WARNINGS,"8 amplitude-outlier channel(s) (> 500.0 µV): Fp1., Fpz., Fp2., Af7., Af3. ...","1 warning(s): 8 amplitude-outlier channel(s) (> 500.0 µV): Fp1., Fpz., Fp2., Af7., Af3. ...",
S023,12,R12,data/raw/physionet/S023/S023R12.edf,train,True,2555616,True,64,64,160.0,122.99375,19680,True,15,7,8,30,0,0,False,False,0,11,,Fp1.|Fpz.|Fp2.|Af7.|Af3.|Afz.|Af4.|Af8.|F7..|F5..|F8..,True,left_fist_imagery,right_fist_imagery,15,VALID_WITH_WARNINGS,"11 amplitude-outlier channel(s) (> 500.0 µV): Fp1., Fpz., Fp2., Af7., Af3. ...","1 warning(s): 11 amplitude-outlier channel(s) (> 500.0 µV): Fp1., Fpz., Fp2., Af7., Af3. ...",
S027,4,R04,data/raw/physionet/S027/S027R04.edf,train,True,2555616,True,64,64,160.0,122.99375,19680,True,15,8,7,30,0,0,False,False,0,17,,Fcz.|Fp1.|Fpz.|Fp2.|Af7.|Af3.|Afz.|Af4.|Af8.|F7..|F3..|F1..|Fz..|F2..|F4..|F6..|F8..,True,left_fist_imagery,right_fist_imagery,15,VALID_WITH_WARNINGS,"17 amplitude-outlier channel(s) (> 500.0 µV): Fcz., Fp1., Fpz., Fp2., Af7. ...","1 warning(s): 17 amplitude-outlier channel(s) (> 500.0 µV): Fcz., Fp1., Fpz., Fp2., Af7. ...",
S027,8,R08,data/raw/physionet/S027/S027R08.edf,train,True,2555616,True,64,64,160.0,122.99375,19680,True,15,7,8,30,0,0,False,False,0,12,,Fp1.|Fpz.|Fp2.|Af7.|Af3.|Afz.|Af4.|Af8.|F2..|F4..|F6..|F8..,True,left_fist_imagery,right_fist_imagery,15,VALID_WITH_WARNINGS,"12 amplitude-outlier channel(s) (> 500.0 µV): Fp1., Fpz., Fp2., Af7., Af3. ...","1 warning(s): 12 amplitude-outlier channel(s) (> 500.0 µV): Fp1., Fpz., Fp2., Af7., Af3. ...",
S027,12,R12,data/raw/physionet/S027/S027R12.edf,train,True,2555616,True,64,64,160.0,122.99375,19680,True,15,8,7,30,0,0,False,False,0,17,,Cp1.|Fp1.|Fpz.|Fp2.|Af7.|Af3.|Afz.|Af4.|Af8.|F7..|F5..|F1..|Fz..|F2..|F4..|F6..|F8..,True,left_fist_imagery,right_fist_imagery,15,VALID_WITH_WARNINGS,"17 amplitude-outlier channel(s) (> 500.0 µV): Cp1., Fp1., Fpz., Fp2., Af7. ...","1 warning(s): 17 amplitude-outlier channel(s) (> 500.0 µV): Cp1., Fp1., Fpz., Fp2., Af7. ...",
S028,4,R04,data/raw/physionet/S028/S028R04.edf,train,True,2555616,True,64,64,160.0,122.99375,19680,True,15,8,7,30,0,0,False,False,0,28,,Fc5.|Fc3.|Fc1.|Fcz.|Fc2.|Fc4.|C5..|Fp1.|Fpz.|Fp2.|Af7.|Af3.|Afz.|Af4.|Af8.|F7..|F5..|F3..|F1..|Fz..|F2..|F4..|F6..|F8..|Ft7.|Ft8.|T9..|T10.,True,left_fist_imagery,right_fist_imagery,15,VALID_WITH_WARNINGS,"28 amplitude-outlier channel(s) (> 500.0 µV): Fc5., Fc3., Fc1., Fcz., Fc2. ...","1 warning(s): 28 amplitude-outlier channel(s) (> 500.0 µV): Fc5., Fc3., Fc1., Fcz., Fc2. ...",
S028,8,R08,data/raw/physionet/S028/S028R08.edf,train,True,2555616,True,64,64,160.0,122.99375,19680,True,15,7,8,30,0,0,False,False,0,61,,Fc5.|Fc3.|Fc1.|Fcz.|Fc2.|Fc6.|C5..|C3..|C1..|Cz..|C2..|C4..|Cp5.|Cp3.|Cp1.|Cpz.|Cp2.|Cp4.|Cp6.|Fp1.|Fpz.|Fp2.|Af7.|Af3.|Afz.|Af4.|Af8.|F7..|F5..|F3..|F1..|Fz..|F2..|F4..|F6..|F8..|Ft7.|Ft8.|T7..|T9..|T10.|Tp7.|Tp8.|P7..|P5..|P3..|P1..|Pz..|P2..|P4..|P6..|P8..|Po7.|Po3.|Poz.|Po4.|Po8.|O1..|Oz..|O2..|Iz..,True,left_fist_imagery,right_fist_imagery,15,VALID_WITH_WARNINGS,"61 amplitude-outlier channel(s) (> 500.0 µV): Fc5., Fc3., Fc1., Fcz., Fc2. ...","1 warning(s): 61 amplitude-outlier channel(s) (> 500.0 µV): Fc5., Fc3., Fc1., Fcz., Fc2. ...",
S028,12,R12,data/raw/physionet/S028/S028R12.edf,train,True,2555616,True,64,64,160.0,122.99375,19680,True,15,7,8,30,0,0,False,False,0,39,,Fc5.|Fc3.|Fc1.|Fcz.|Fc2.|Fc4.|Fc6.|C5..|C3..|C1..|Cz..|C2..|C4..|C6..|Cp3.|Cp4.|Fp1.|Fpz.|Fp2.|Af7.|Af3.|Afz.|Af4.|Af8.|F7..|F5..|F3..|F1..|Fz..|F2..|F4..|F6..|F8..|Ft7.|Ft8.|T7..|T9..|Tp7.|P7..,True,left_fist_imagery,right_fist_imagery,15,VALID_WITH_WARNINGS,"39 amplitude-outlier channel(s) (> 500.0 µV): Fc5., Fc3., Fc1., Fcz., Fc2. ...","1 warning(s): 39 amplitude-outlier channel(s) (> 500.0 µV): Fc5., Fc3., Fc1., Fcz., Fc2. ...",
S032,4,R04,data/raw/physionet/S032/S032R04.edf,train,True,2596896,True,64,64,160.0,124.99375,20000,True,15,7,8,30,0,0,False,False,0,14,,Cpz.|Fp1.|Fpz.|Fp2.|Af7.|Af3.|Afz.|Af4.|Af8.|F6..|F8..|Ft8.|P2..|Poz.,True,left_fist_imagery,right_fist_imagery,15,VALID_WITH_WARNINGS,"14 amplitude-outlier channel(s) (> 500.0 µV): Cpz., Fp1., Fpz., Fp2., Af7. ...","1 warning(s): 14 amplitude-outlier channel(s) (> 500.0 µV): Cpz., Fp1., Fpz., Fp2., Af7. ...",
S032,8,R08,data/raw/physionet/S032/S032R08.edf,train,True,2596896,True,64,64,160.0,124.99375,20000,True,15,7,8,30,0,0,False,False,0,8,,Fp1.|Fpz.|Fp2.|Af7.|Af3.|Afz.|Af4.|Af8.,True,left_fist_imagery,right_fist_imagery,15,VALID_WITH_WARNINGS,"8 amplitude-outlier channel(s) (> 500.0 µV): Fp1., Fpz., Fp2., Af7., Af3. ...","1 warning(s): 8 amplitude-outlier channel(s) (> 500.0 µV): Fp1., Fpz., Fp2., Af7., Af3. ...",
S032,12,R12,data/raw/physionet/S032/S032R12.edf,train,True,2596896,True,64,64,160.0,124.99375,20000,True,15,7,8,30,0,0,False,False,0,30,,Fc2.|Fc6.|Cz..|Cp3.|Cp1.|Cpz.|Fp1.|Fpz.|Fp2.|Af7.|Af3.|Afz.|Af4.|Af8.|F5..|F3..|F1..|Fz..|F2..|F4..|F6..|F8..|T7..|T10.|Tp7.|P5..|P1..|P2..|Po7.|O1..,True,left_fist_imagery,right_fist_imagery,15,VALID_WITH_WARNINGS,"30 amplitude-outlier channel(s) (> 500.0 µV): Fc2., Fc6., Cz.., Cp3., Cp1. ...","1 warning(s): 30 amplitude-outlier channel(s) (> 500.0 µV): Fc2., Fc6., Cz.., Cp3., Cp1. ...",
S036,4,R04,data/raw/physionet/S036/S036R04.edf,train,True,2555616,True,64,64,160.0,122.99375,19680,True,15,8,7,30,0,0,False,False,0,18,,Fp1.|Fpz.|Fp2.|Af7.|Af3.|Afz.|Af4.|Af8.|F7..|F5..|F3..|F1..|Fz..|F2..|F4..|F6..|F8..|Pz..,True,left_fist_imagery,right_fist_imagery,15,VALID_WITH_WARNINGS,"18 amplitude-outlier channel(s) (> 500.0 µV): Fp1., Fpz., Fp2., Af7., Af3. ...","1 warning(s): 18 amplitude-outlier channel(s) (> 500.0 µV): Fp1., Fpz., Fp2., Af7., Af3. ...",
S036,8,R08,data/raw/physionet/S036/S036R08.edf,train,True,2555616,True,64,64,160.0,122.99375,19680,True,15,7,8,30,0,0,False,False,0,52,,Fc5.|Fc3.|Fc1.|Fcz.|Fc2.|Fc4.|C5..|C3..|C1..|Fp1.|Fpz.|Fp2.|Af7.|Af3.|Afz.|Af4.|Af8.|F7..|F5..|F3..|F1..|Fz..|F2..|F4..|F6..|F8..|Ft7.|Ft8.|T7..|T8..|T9..|T10.|Tp7.|Tp8.|P7..|P5..|P3..|P1..|Pz..|P2..|P4..|P6..|P8..|Po7.|Po3.|Poz.|Po4.|Po8.|O1..|Oz..|O2..|Iz..,True,left_fist_imagery,right_fist_imagery,15,VALID_WITH_WARNINGS,"52 amplitude-outlier channel(s) (> 500.0 µV): Fc5., Fc3., Fc1., Fcz., Fc2. ...","1 warning(s): 52 amplitude-outlier channel(s) (> 500.0 µV): Fc5., Fc3., Fc1., Fcz., Fc2. ...",
S036,12,R12,data/raw/physionet/S036/S036R12.edf,train,True,2555616,True,64,64,160.0,122.99375,19680,True,15,8,7,30,0,0,False,False,0,20,,Cp3.|Fp1.|Fpz.|Fp2.|Af7.|Af3.|Afz.|Af4.|Af8.|F7..|F5..|F3..|F1..|Fz..|F2..|F4..|F6..|F8..|O2..|Iz..,True,left_fist_imagery,right_fist_imagery,15,VALID_WITH_WARNINGS,"20 amplitude-outlier channel(s) (> 500.0 µV): Cp3., Fp1., Fpz., Fp2., Af7. ...","1 warning(s): 20 amplitude-outlier channel(s) (> 500.0 µV): Cp3., Fp1., Fpz., Fp2., Af7. ...",
S038,4,R04,data/raw/physionet/S038/S038R04.edf,train,True,2555616,True,64,64,160.0,122.99375,19680,True,15,8,7,30,0,0,False,False,0,7,,Fp1.|Fpz.|Fp2.|Af7.|Af3.|Af4.|Af8.,True,left_fist_imagery,right_fist_imagery,15,VALID_WITH_WARNINGS,"7 amplitude-outlier channel(s) (> 500.0 µV): Fp1., Fpz., Fp2., Af7., Af3. ...","1 warning(s): 7 amplitude-outlier channel(s) (> 500.0 µV): Fp1., Fpz., Fp2., Af7., Af3. ...",
S038,8,R08,data/raw/physionet/S038/S038R08.edf,train,True,2555616,True,64,64,160.0,122.99375,19680,True,15,8,7,30,0,0,False,False,0,7,,Fp1.|Fpz.|Fp2.|Af7.|Af3.|Af4.|Af8.,True,left_fist_imagery,right_fist_imagery,15,VALID_WITH_WARNINGS,"7 amplitude-outlier channel(s) (> 500.0 µV): Fp1., Fpz., Fp2., Af7., Af3. ...","1 warning(s): 7 amplitude-outlier channel(s) (> 500.0 µV): Fp1., Fpz., Fp2., Af7., Af3. ...",
S038,12,R12,data/raw/physionet/S038/S038R12.edf,train,True,2555616,True,64,64,160.0,122.99375,19680,True,15,7,8,30,0,0,False,False,0,5,,Fp1.|Fpz.|Fp2.|Af7.|Af8.,True,left_fist_imagery,right_fist_imagery,15,VALID_WITH_WARNINGS,"5 amplitude-outlier channel(s) (> 500.0 µV): Fp1., Fpz., Fp2., Af7., Af8.","1 warning(s): 5 amplitude-outlier channel(s) (> 500.0 µV): Fp1., Fpz., Fp2., Af7., Af8.",
S039,4,R04,data/raw/physionet/S039/S039R04.edf,train,True,2555616,True,64,64,160.0,122.99375,19680,True,15,8,7,30,0,0,False,False,0,16,,Fc2.|Fp1.|Fpz.|Fp2.|Af7.|Af3.|Afz.|Af4.|Af8.|F7..|F5..|F3..|F6..|F8..|Ft7.|T7..,True,left_fist_imagery,right_fist_imagery,15,VALID_WITH_WARNINGS,"16 amplitude-outlier channel(s) (> 500.0 µV): Fc2., Fp1., Fpz., Fp2., Af7. ...","1 warning(s): 16 amplitude-outlier channel(s) (> 500.0 µV): Fc2., Fp1., Fpz., Fp2., Af7. ...",
S039,8,R08,data/raw/physionet/S039/S039R08.edf,train,True,2555616,True,64,64,160.0,122.99375,19680,True,15,8,7,30,0,0,False,False,0,41,,Fc5.|Fc3.|Fc1.|Fc2.|Fc4.|Fc6.|C5..|C3..|C1..|C4..|Cp5.|Cp3.|Cp1.|Cp4.|Fp1.|Fpz.|Fp2.|Af7.|Af3.|Afz.|Af4.|Af8.|F7..|F5..|F3..|F1..|Fz..|F2..|F4..|F6..|F8..|Ft7.|Ft8.|T7..|Tp7.|Tp8.|P7..|P3..|P1..|P4..|Po4.,True,left_fist_imagery,right_fist_imagery,15,VALID_WITH_WARNINGS,"41 amplitude-outlier channel(s) (> 500.0 µV): Fc5., Fc3., Fc1., Fc2., Fc4. ...","1 warning(s): 41 amplitude-outlier channel(s) (> 500.0 µV): Fc5., Fc3., Fc1., Fc2., Fc4. ...",
S039,12,R12,data/raw/physionet/S039/S039R12.edf,train,True,2555616,True,64,64,160.0,122.99375,19680,True,15,7,8,30,0,0,False,False,0,20,,Fc5.|Fc6.|Cp3.|Fp1.|Fpz.|Fp2.|Af7.|Af3.|Afz.|Af4.|Af8.|F7..|F5..|F3..|F1..|F6..|F8..|Ft7.|P7..|Oz..,True,left_fist_imagery,right_fist_imagery,15,VALID_WITH_WARNINGS,"20 amplitude-outlier channel(s) (> 500.0 µV): Fc5., Fc6., Cp3., Fp1., Fpz. ...","1 warning(s): 20 amplitude-outlier channel(s) (> 500.0 µV): Fc5., Fc6., Cp3., Fp1., Fpz. ...",
S040,4,R04,data/raw/physionet/S040/S040R04.edf,train,True,2555616,True,64,64,160.0,122.99375,19680,True,15,7,8,30,0,0,False,False,0,7,,Fp1.|Fpz.|Fp2.|Af7.|Af3.|T8..|T10.,True,left_fist_imagery,right_fist_imagery,15,VALID_WITH_WARNINGS,"7 amplitude-outlier channel(s) (> 500.0 µV): Fp1., Fpz., Fp2., Af7., Af3. ...","1 warning(s): 7 amplitude-outlier channel(s) (> 500.0 µV): Fp1., Fpz., Fp2., Af7., Af3. ...",
S040,8,R08,data/raw/physionet/S040/S040R08.edf,train,True,2555616,True,64,64,160.0,122.99375,19680,True,15,7,8,30,0,0,False,False,0,3,,Fp1.|Fp2.|Af7.,True,left_fist_imagery,right_fist_imagery,15,VALID_WITH_WARNINGS,"3 amplitude-outlier channel(s) (> 500.0 µV): Fp1., Fp2., Af7.","1 warning(s): 3 amplitude-outlier channel(s) (> 500.0 µV): Fp1., Fp2., Af7.",
S040,12,R12,data/raw/physionet/S040/S040R12.edf,train,True,2555616,True,64,64,160.0,122.99375,19680,True,15,7,8,30,0,0,False,False,0,2,,Fp1.|Af7.,True,left_fist_imagery,right_fist_imagery,15,VALID_WITH_WARNINGS,"2 amplitude-outlier channel(s) (> 500.0 µV): Fp1., Af7.","1 warning(s): 2 amplitude-outlier channel(s) (> 500.0 µV): Fp1., Af7.",
S043,4,R04,data/raw/physionet/S043/S043R04.edf,train,True,2555616,True,64,64,160.0,122.99375,19680,True,15,8,7,30,0,0,False,False,0,30,,Fc5.|Fc3.|Fc1.|Fcz.|Fc2.|Fc4.|Fc6.|C5..|C3..|C1..|C6..|Cp3.|Fp1.|Fpz.|Fp2.|Af7.|Af3.|Afz.|Af4.|Af8.|F7..|F5..|F3..|F1..|Fz..|F2..|F4..|F6..|F8..|Ft7.,True,left_fist_imagery,right_fist_imagery,15,VALID_WITH_WARNINGS,"30 amplitude-outlier channel(s) (> 500.0 µV): Fc5., Fc3., Fc1., Fcz., Fc2. ...","1 warning(s): 30 amplitude-outlier channel(s) (> 500.0 µV): Fc5., Fc3., Fc1., Fcz., Fc2. ...",
S043,8,R08,data/raw/physionet/S043/S043R08.edf,train,True,2555616,True,64,64,160.0,122.99375,19680,True,15,7,8,30,0,0,False,False,0,20,,Fc6.|Fp1.|Fpz.|Fp2.|Af7.|Af3.|Afz.|Af4.|Af8.|F7..|F5..|F3..|F1..|Fz..|F2..|F4..|F6..|F8..|Ft8.|T10.,True,left_fist_imagery,right_fist_imagery,15,VALID_WITH_WARNINGS,"20 amplitude-outlier channel(s) (> 500.0 µV): Fc6., Fp1., Fpz., Fp2., Af7. ...","1 warning(s): 20 amplitude-outlier channel(s) (> 500.0 µV): Fc6., Fp1., Fpz., Fp2., Af7. ...",
S043,12,R12,data/raw/physionet/S043/S043R12.edf,train,True,2555616,True,64,64,160.0,122.99375,19680,True,15,8,7,30,0,0,False,False,0,13,,Fp1.|Fpz.|Fp2.|Af7.|Af3.|Afz.|Af4.|Af8.|F7..|F5..|F4..|F6..|F8..,True,left_fist_imagery,right_fist_imagery,15,VALID_WITH_WARNINGS,"13 amplitude-outlier channel(s) (> 500.0 µV): Fp1., Fpz., Fp2., Af7., Af3. ...","1 warning(s): 13 amplitude-outlier channel(s) (> 500.0 µV): Fp1., Fpz., Fp2., Af7., Af3. ...",
S044,4,R04,data/raw/physionet/S044/S044R04.edf,train,True,2555616,True,64,64,160.0,122.99375,19680,True,15,7,8,30,0,0,False,False,0,20,,Fc5.|Fc3.|Fp1.|Fpz.|Fp2.|Af7.|Af3.|Afz.|Af4.|Af8.|F7..|F5..|F3..|F1..|Fz..|F2..|F4..|F6..|F8..|Ft7.,True,left_fist_imagery,right_fist_imagery,15,VALID_WITH_WARNINGS,"20 amplitude-outlier channel(s) (> 500.0 µV): Fc5., Fc3., Fp1., Fpz., Fp2. ...","1 warning(s): 20 amplitude-outlier channel(s) (> 500.0 µV): Fc5., Fc3., Fp1., Fpz., Fp2. ...",
S044,8,R08,data/raw/physionet/S044/S044R08.edf,train,True,2555616,True,64,64,160.0,122.99375,19680,True,15,7,8,30,0,0,False,False,0,21,,Fc5.|Fc3.|Fc1.|Fp1.|Fpz.|Fp2.|Af7.|Af3.|Afz.|Af4.|Af8.|F7..|F5..|F3..|F1..|Fz..|F2..|F4..|F6..|F8..|Ft7.,True,left_fist_imagery,right_fist_imagery,15,VALID_WITH_WARNINGS,"21 amplitude-outlier channel(s) (> 500.0 µV): Fc5., Fc3., Fc1., Fp1., Fpz. ...","1 warning(s): 21 amplitude-outlier channel(s) (> 500.0 µV): Fc5., Fc3., Fc1., Fp1., Fpz. ...",
S044,12,R12,data/raw/physionet/S044/S044R12.edf,train,True,2555616,True,64,64,160.0,122.99375,19680,True,15,8,7,30,0,0,False,False,0,23,,Fp1.|Fpz.|Fp2.|Af7.|Af3.|Afz.|Af4.|Af8.|F7..|F5..|F3..|F1..|Fz..|F2..|F4..|F6..|F8..|Ft7.|Po7.|Po3.|Po8.|O1..|O2..,True,left_fist_imagery,right_fist_imagery,15,VALID_WITH_WARNINGS,"23 amplitude-outlier channel(s) (> 500.0 µV): Fp1., Fpz., Fp2., Af7., Af3. ...","1 warning(s): 23 amplitude-outlier channel(s) (> 500.0 µV): Fp1., Fpz., Fp2., Af7., Af3. ...",
S045,4,R04,data/raw/physionet/S045/S045R04.edf,train,True,2555616,True,64,64,160.0,122.99375,19680,True,15,8,7,30,0,0,False,False,0,11,,Fp1.|Fpz.|Fp2.|Af7.|Af3.|Afz.|Af4.|Af8.|F5..|F3..|F1..,True,left_fist_imagery,right_fist_imagery,15,VALID_WITH_WARNINGS,"11 amplitude-outlier channel(s) (> 500.0 µV): Fp1., Fpz., Fp2., Af7., Af3. ...","1 warning(s): 11 amplitude-outlier channel(s) (> 500.0 µV): Fp1., Fpz., Fp2., Af7., Af3. ...",
S045,8,R08,data/raw/physionet/S045/S045R08.edf,train,True,2555616,True,64,64,160.0,122.99375,19680,True,15,8,7,30,0,0,False,False,0,64,,Fc5.|Fc3.|Fc1.|Fcz.|Fc2.|Fc4.|Fc6.|C5..|C3..|C1..|Cz..|C2..|C4..|C6..|Cp5.|Cp3.|Cp1.|Cpz.|Cp2.|Cp4.|Cp6.|Fp1.|Fpz.|Fp2.|Af7.|Af3.|Afz.|Af4.|Af8.|F7..|F5..|F3..|F1..|Fz..|F2..|F4..|F6..|F8..|Ft7.|Ft8.|T7..|T8..|T9..|T10.|Tp7.|Tp8.|P7..|P5..|P3..|P1..|Pz..|P2..|P4..|P6..|P8..|Po7.|Po3.|Poz.|Po4.|Po8.|O1..|Oz..|O2..|Iz..,True,left_fist_imagery,right_fist_imagery,15,VALID_WITH_WARNINGS,"64 amplitude-outlier channel(s) (> 500.0 µV): Fc5., Fc3., Fc1., Fcz., Fc2. ...","1 warning(s): 64 amplitude-outlier channel(s) (> 500.0 µV): Fc5., Fc3., Fc1., Fcz., Fc2. ...",
S045,12,R12,data/raw/physionet/S045/S045R12.edf,train,True,2555616,True,64,64,160.0,122.99375,19680,True,15,7,8,30,0,0,False,False,0,10,,Fp1.|Fpz.|Fp2.|Af7.|Af3.|Afz.|Af4.|Af8.|F5..|F1..,True,left_fist_imagery,right_fist_imagery,15,VALID_WITH_WARNINGS,"10 amplitude-outlier channel(s) (> 500.0 µV): Fp1., Fpz., Fp2., Af7., Af3. ...","1 warning(s): 10 amplitude-outlier channel(s) (> 500.0 µV): Fp1., Fpz., Fp2., Af7., Af3. ...",
S046,4,R04,data/raw/physionet/S046/S046R04.edf,train,True,2596896,True,64,64,160.0,124.99375,20000,True,15,8,7,30,0,0,False,False,0,11,,Fp1.|Fpz.|Fp2.|Af7.|Af3.|Afz.|Af4.|Af8.|F7..|F5..|T9..,True,left_fist_imagery,right_fist_imagery,15,VALID_WITH_WARNINGS,"11 amplitude-outlier channel(s) (> 500.0 µV): Fp1., Fpz., Fp2., Af7., Af3. ...","1 warning(s): 11 amplitude-outlier channel(s) (> 500.0 µV): Fp1., Fpz., Fp2., Af7., Af3. ...",
S046,8,R08,data/raw/physionet/S046/S046R08.edf,train,True,2596896,True,64,64,160.0,124.99375,20000,True,15,7,8,30,0,0,False,False,0,7,,C6..|Fp1.|Fpz.|Fp2.|Af7.|Af4.|Af8.,True,left_fist_imagery,right_fist_imagery,15,VALID_WITH_WARNINGS,"7 amplitude-outlier channel(s) (> 500.0 µV): C6.., Fp1., Fpz., Fp2., Af7. ...","1 warning(s): 7 amplitude-outlier channel(s) (> 500.0 µV): C6.., Fp1., Fpz., Fp2., Af7. ...",
S046,12,R12,data/raw/physionet/S046/S046R12.edf,train,True,2596896,True,64,64,160.0,124.99375,20000,True,15,8,7,30,0,0,False,False,0,6,,Fp1.|Fpz.|Fp2.|Af7.|Af3.|Af8.,True,left_fist_imagery,right_fist_imagery,15,VALID_WITH_WARNINGS,"6 amplitude-outlier channel(s) (> 500.0 µV): Fp1., Fpz., Fp2., Af7., Af3. ...","1 warning(s): 6 amplitude-outlier channel(s) (> 500.0 µV): Fp1., Fpz., Fp2., Af7., Af3. ...",
S048,4,R04,data/raw/physionet/S048/S048R04.edf,train,True,2555616,True,64,64,160.0,122.99375,19680,True,15,8,7,30,0,0,False,False,0,30,,Fc5.|Fc3.|Fc1.|Fc2.|Fc4.|Fc6.|C6..|Fp1.|Fpz.|Fp2.|Af7.|Af3.|Afz.|Af4.|Af8.|F7..|F5..|F3..|F1..|Fz..|F2..|F4..|F6..|F8..|Ft7.|T7..|T9..|Tp7.|P8..|Po8.,True,left_fist_imagery,right_fist_imagery,15,VALID_WITH_WARNINGS,"30 amplitude-outlier channel(s) (> 500.0 µV): Fc5., Fc3., Fc1., Fc2., Fc4. ...","1 warning(s): 30 amplitude-outlier channel(s) (> 500.0 µV): Fc5., Fc3., Fc1., Fc2., Fc4. ...",
S048,8,R08,data/raw/physionet/S048/S048R08.edf,train,True,2555616,True,64,64,160.0,122.99375,19680,True,15,7,8,30,0,0,False,False,0,41,,Fc5.|Fc3.|Fc1.|Fcz.|Fc2.|Fc4.|Fc6.|C5..|C3..|C1..|Cz..|C2..|Cp5.|Cp3.|Cp1.|Cpz.|Fp1.|Fpz.|Fp2.|Af7.|Af3.|Afz.|Af4.|Af8.|F7..|F5..|F3..|F1..|Fz..|F2..|F6..|F8..|Ft7.|Ft8.|T7..|T8..|Tp7.|P7..|P5..|P3..|P1..,True,left_fist_imagery,right_fist_imagery,15,VALID_WITH_WARNINGS,"41 amplitude-outlier channel(s) (> 500.0 µV): Fc5., Fc3., Fc1., Fcz., Fc2. ...","1 warning(s): 41 amplitude-outlier channel(s) (> 500.0 µV): Fc5., Fc3., Fc1., Fcz., Fc2. ...",
S048,12,R12,data/raw/physionet/S048/S048R12.edf,train,True,2555616,True,64,64,160.0,122.99375,19680,True,15,7,8,30,0,0,False,False,0,34,,Fc5.|Fc3.|Fc1.|Fcz.|Fc2.|Fc4.|C3..|C1..|Cz..|Cp5.|Cp3.|Cp1.|Cpz.|Cp4.|Fp1.|Fpz.|Fp2.|Af7.|Af3.|Afz.|Af4.|Af8.|F7..|F5..|F3..|F1..|Fz..|F2..|F4..|F6..|F8..|Ft7.|T7..|Tp7.,True,left_fist_imagery,right_fist_imagery,15,VALID_WITH_WARNINGS,"34 amplitude-outlier channel(s) (> 500.0 µV): Fc5., Fc3., Fc1., Fcz., Fc2. ...","1 warning(s): 34 amplitude-outlier channel(s) (> 500.0 µV): Fc5., Fc3., Fc1., Fcz., Fc2. ...",
S049,4,R04,data/raw/physionet/S049/S049R04.edf,train,True,2555616,True,64,64,160.0,122.99375,19680,True,15,7,8,30,0,0,False,False,0,4,,Fp1.|Fpz.|Fp2.|Af8.,True,left_fist_imagery,right_fist_imagery,15,VALID_WITH_WARNINGS,"4 amplitude-outlier channel(s) (> 500.0 µV): Fp1., Fpz., Fp2., Af8.","1 warning(s): 4 amplitude-outlier channel(s) (> 500.0 µV): Fp1., Fpz., Fp2., Af8.",
S049,8,R08,data/raw/physionet/S049/S049R08.edf,train,True,2555616,True,64,64,160.0,122.99375,19680,True,15,8,7,30,0,0,False,False,0,7,,Fc6.|Fp1.|Fpz.|Fp2.|Af7.|Af8.|Ft8.,True,left_fist_imagery,right_fist_imagery,15,VALID_WITH_WARNINGS,"7 amplitude-outlier channel(s) (> 500.0 µV): Fc6., Fp1., Fpz., Fp2., Af7. ...","1 warning(s): 7 amplitude-outlier channel(s) (> 500.0 µV): Fc6., Fp1., Fpz., Fp2., Af7. ...",
S049,12,R12,data/raw/physionet/S049/S049R12.edf,train,True,2555616,True,64,64,160.0,122.99375,19680,True,15,8,7,30,0,0,False,False,0,8,,Fp1.|Fpz.|Fp2.|Af7.|Af3.|Afz.|Af4.|Af8.,True,left_fist_imagery,right_fist_imagery,15,VALID_WITH_WARNINGS,"8 amplitude-outlier channel(s) (> 500.0 µV): Fp1., Fpz., Fp2., Af7., Af3. ...","1 warning(s): 8 amplitude-outlier channel(s) (> 500.0 µV): Fp1., Fpz., Fp2., Af7., Af3. ...",
S052,4,R04,data/raw/physionet/S052/S052R04.edf,train,True,2555616,True,64,64,160.0,122.99375,19680,True,15,8,7,30,0,0,False,False,0,11,,Fc3.|Fp1.|Fpz.|Fp2.|Af7.|Af3.|Af4.|Af8.|F7..|F1..|P7..,True,left_fist_imagery,right_fist_imagery,15,VALID_WITH_WARNINGS,"11 amplitude-outlier channel(s) (> 500.0 µV): Fc3., Fp1., Fpz., Fp2., Af7. ...","1 warning(s): 11 amplitude-outlier channel(s) (> 500.0 µV): Fc3., Fp1., Fpz., Fp2., Af7. ...",
S052,8,R08,data/raw/physionet/S052/S052R08.edf,train,True,2555616,True,64,64,160.0,122.99375,19680,True,15,8,7,30,0,0,False,False,0,42,,Fc5.|Fc3.|Fcz.|Fc2.|Fc6.|C5..|Fp1.|Fpz.|Fp2.|Af7.|Af3.|Af4.|Af8.|F7..|F5..|F3..|F4..|F6..|F8..|Ft7.|Ft8.|T7..|T8..|T9..|T10.|Tp7.|P7..|P5..|P1..|P2..|P4..|P6..|P8..|Po7.|Po3.|Poz.|Po4.|Po8.|O1..|Oz..|O2..|Iz..,True,left_fist_imagery,right_fist_imagery,15,VALID_WITH_WARNINGS,"42 amplitude-outlier channel(s) (> 500.0 µV): Fc5., Fc3., Fcz., Fc2., Fc6. ...","1 warning(s): 42 amplitude-outlier channel(s) (> 500.0 µV): Fc5., Fc3., Fcz., Fc2., Fc6. ...",
S052,12,R12,data/raw/physionet/S052/S052R12.edf,train,True,2555616,True,64,64,160.0,122.99375,19680,True,15,8,7,30,0,0,False,False,0,16,,Fp1.|Fpz.|Fp2.|Af7.|Af4.|Af8.|F7..|F5..|F3..|F4..|Ft8.|T8..|Tp7.|P7..|P8..|Po4.,True,left_fist_imagery,right_fist_imagery,15,VALID_WITH_WARNINGS,"16 amplitude-outlier channel(s) (> 500.0 µV): Fp1., Fpz., Fp2., Af7., Af4. ...","1 warning(s): 16 amplitude-outlier channel(s) (> 500.0 µV): Fp1., Fpz., Fp2., Af7., Af4. ...",
S053,4,R04,data/raw/physionet/S053/S053R04.edf,train,True,2555616,True,64,64,160.0,122.99375,19680,True,15,7,8,30,0,0,False,False,0,13,,Fp1.|Fpz.|Fp2.|Af7.|Af3.|Afz.|Af4.|Af8.|F7..|F5..|F6..|F8..|P7..,True,left_fist_imagery,right_fist_imagery,15,VALID_WITH_WARNINGS,"13 amplitude-outlier channel(s) (> 500.0 µV): Fp1., Fpz., Fp2., Af7., Af3. ...","1 warning(s): 13 amplitude-outlier channel(s) (> 500.0 µV): Fp1., Fpz., Fp2., Af7., Af3. ...",
S053,8,R08,data/raw/physionet/S053/S053R08.edf,train,True,2555616,True,64,64,160.0,122.99375,19680,True,15,7,8,30,0,0,False,False,0,11,,Fp1.|Fpz.|Fp2.|Af7.|Af3.|Afz.|Af4.|Af8.|F7..|F5..|F6..,True,left_fist_imagery,right_fist_imagery,15,VALID_WITH_WARNINGS,"11 amplitude-outlier channel(s) (> 500.0 µV): Fp1., Fpz., Fp2., Af7., Af3. ...","1 warning(s): 11 amplitude-outlier channel(s) (> 500.0 µV): Fp1., Fpz., Fp2., Af7., Af3. ...",
S053,12,R12,data/raw/physionet/S053/S053R12.edf,train,True,2555616,True,64,64,160.0,122.99375,19680,True,15,8,7,30,0,0,False,False,0,11,,Fp1.|Fpz.|Fp2.|Af7.|Af3.|Afz.|Af4.|Af8.|F7..|F5..|F6..,True,left_fist_imagery,right_fist_imagery,15,VALID_WITH_WARNINGS,"11 amplitude-outlier channel(s) (> 500.0 µV): Fp1., Fpz., Fp2., Af7., Af3. ...","1 warning(s): 11 amplitude-outlier channel(s) (> 500.0 µV): Fp1., Fpz., Fp2., Af7., Af3. ...",
S054,4,R04,data/raw/physionet/S054/S054R04.edf,train,True,2555616,True,64,64,160.0,122.99375,19680,True,15,8,7,30,0,0,False,False,0,15,,Fp1.|Fpz.|Fp2.|Af7.|Af3.|Afz.|Af4.|Af8.|F7..|F5..|F3..|F1..|F6..|F8..|Ft7.,True,left_fist_imagery,right_fist_imagery,15,VALID_WITH_WARNINGS,"15 amplitude-outlier channel(s) (> 500.0 µV): Fp1., Fpz., Fp2., Af7., Af3. ...","1 warning(s): 15 amplitude-outlier channel(s) (> 500.0 µV): Fp1., Fpz., Fp2., Af7., Af3. ...",
S054,8,R08,data/raw/physionet/S054/S054R08.edf,train,True,2555616,True,64,64,160.0,122.99375,19680,True,15,7,8,30,0,0,False,False,0,54,,Fc5.|Fc3.|Fc1.|Fcz.|Fc2.|Fc4.|Fc6.|C5..|C3..|C1..|Cz..|C6..|Cp5.|Cp3.|Cp1.|Fp1.|Fpz.|Fp2.|Af7.|Af3.|Afz.|Af4.|Af8.|F7..|F5..|F3..|F6..|F8..|Ft7.|Ft8.|T7..|T8..|T9..|T10.|Tp7.|Tp8.|P7..|P5..|P3..|P1..|Pz..|P2..|P4..|P6..|P8..|Po7.|Po3.|Poz.|Po4.|Po8.|O1..|Oz..|O2..|Iz..,True,left_fist_imagery,right_fist_imagery,15,VALID_WITH_WARNINGS,"54 amplitude-outlier channel(s) (> 500.0 µV): Fc5., Fc3., Fc1., Fcz., Fc2. ...","1 warning(s): 54 amplitude-outlier channel(s) (> 500.0 µV): Fc5., Fc3., Fc1., Fcz., Fc2. ...",
S054,12,R12,data/raw/physionet/S054/S054R12.edf,train,True,2555616,True,64,64,160.0,122.99375,19680,True,15,8,7,30,0,0,False,False,0,13,,Fp1.|Fpz.|Fp2.|Af7.|Af3.|Afz.|Af4.|Af8.|F7..|F5..|F6..|F8..|O2..,True,left_fist_imagery,right_fist_imagery,15,VALID_WITH_WARNINGS,"13 amplitude-outlier channel(s) (> 500.0 µV): Fp1., Fpz., Fp2., Af7., Af3. ...","1 warning(s): 13 amplitude-outlier channel(s) (> 500.0 µV): Fp1., Fpz., Fp2., Af7., Af3. ...",
S056,4,R04,data/raw/physionet/S056/S056R04.edf,train,True,2555616,True,64,64,160.0,122.99375,19680,True,15,7,8,30,0,0,False,False,0,5,,Fp1.|Fpz.|Fp2.|Af7.|Af8.,True,left_fist_imagery,right_fist_imagery,15,VALID_WITH_WARNINGS,"5 amplitude-outlier channel(s) (> 500.0 µV): Fp1., Fpz., Fp2., Af7., Af8.","1 warning(s): 5 amplitude-outlier channel(s) (> 500.0 µV): Fp1., Fpz., Fp2., Af7., Af8.",
S056,8,R08,data/raw/physionet/S056/S056R08.edf,train,True,2555616,True,64,64,160.0,122.99375,19680,True,15,7,8,30,0,0,False,False,0,9,,Fp1.|Fpz.|Fp2.|Af7.|Af3.|Afz.|Af4.|Af8.|F8..,True,left_fist_imagery,right_fist_imagery,15,VALID_WITH_WARNINGS,"9 amplitude-outlier channel(s) (> 500.0 µV): Fp1., Fpz., Fp2., Af7., Af3. ...","1 warning(s): 9 amplitude-outlier channel(s) (> 500.0 µV): Fp1., Fpz., Fp2., Af7., Af3. ...",
S056,12,R12,data/raw/physionet/S056/S056R12.edf,train,True,2555616,True,64,64,160.0,122.99375,19680,True,15,8,7,30,0,0,False,False,0,6,,Fp1.|Fpz.|Fp2.|Af7.|Af3.|Af8.,True,left_fist_imagery,right_fist_imagery,15,VALID_WITH_WARNINGS,"6 amplitude-outlier channel(s) (> 500.0 µV): Fp1., Fpz., Fp2., Af7., Af3. ...","1 warning(s): 6 amplitude-outlier channel(s) (> 500.0 µV): Fp1., Fpz., Fp2., Af7., Af3. ...",
S057,8,R08,data/raw/physionet/S057/S057R08.edf,train,True,2596896,True,64,64,160.0,124.99375,20000,True,15,8,7,30,0,0,False,False,0,5,,Fp1.|Fpz.|Fp2.|Af7.|Af8.,True,left_fist_imagery,right_fist_imagery,15,VALID_WITH_WARNINGS,"5 amplitude-outlier channel(s) (> 500.0 µV): Fp1., Fpz., Fp2., Af7., Af8.","1 warning(s): 5 amplitude-outlier channel(s) (> 500.0 µV): Fp1., Fpz., Fp2., Af7., Af8.",
S057,12,R12,data/raw/physionet/S057/S057R12.edf,train,True,2596896,True,64,64,160.0,124.99375,20000,True,15,8,7,30,0,0,False,False,0,5,,Fp1.|Fpz.|Fp2.|Af7.|Af8.,True,left_fist_imagery,right_fist_imagery,15,VALID_WITH_WARNINGS,"5 amplitude-outlier channel(s) (> 500.0 µV): Fp1., Fpz., Fp2., Af7., Af8.","1 warning(s): 5 amplitude-outlier channel(s) (> 500.0 µV): Fp1., Fpz., Fp2., Af7., Af8.",
S059,4,R04,data/raw/physionet/S059/S059R04.edf,train,True,2555616,True,64,64,160.0,122.99375,19680,True,15,8,7,30,0,0,False,False,0,55,,Fc5.|Fc3.|Fc1.|Fcz.|Fc2.|Fc4.|C5..|C3..|C1..|C2..|C4..|C6..|Cp5.|Cp3.|Cp1.|Cpz.|Cp4.|Cp6.|Fp1.|Fpz.|Fp2.|Af7.|Af3.|Afz.|Af4.|Af8.|F7..|F5..|F3..|F1..|Fz..|F2..|F4..|F6..|F8..|Ft7.|T9..|T10.|Tp8.|P7..|P5..|P3..|P1..|Pz..|P6..|P8..|Po7.|Po3.|Poz.|Po4.|Po8.|O1..|Oz..|O2..|Iz..,True,left_fist_imagery,right_fist_imagery,15,VALID_WITH_WARNINGS,"55 amplitude-outlier channel(s) (> 500.0 µV): Fc5., Fc3., Fc1., Fcz., Fc2. ...","1 warning(s): 55 amplitude-outlier channel(s) (> 500.0 µV): Fc5., Fc3., Fc1., Fcz., Fc2. ...",
S059,8,R08,data/raw/physionet/S059/S059R08.edf,train,True,2555616,True,64,64,160.0,122.99375,19680,True,15,8,7,30,0,0,False,False,0,43,,Fc5.|Fc3.|Fc1.|Fc2.|Fc4.|C5..|C3..|C1..|C6..|Cp5.|Cp4.|Cp6.|Fp1.|Fpz.|Fp2.|Af7.|Af3.|Afz.|Af4.|Af8.|F7..|F5..|F3..|Fz..|F2..|Ft7.|T9..|T10.|Tp8.|P7..|P5..|P3..|P4..|P6..|P8..|Po7.|Po3.|Poz.|Po8.|O1..|Oz..|O2..|Iz..,True,left_fist_imagery,right_fist_imagery,15,VALID_WITH_WARNINGS,"43 amplitude-outlier channel(s) (> 500.0 µV): Fc5., Fc3., Fc1., Fc2., Fc4. ...","1 warning(s): 43 amplitude-outlier channel(s) (> 500.0 µV): Fc5., Fc3., Fc1., Fc2., Fc4. ...",
S059,12,R12,data/raw/physionet/S059/S059R12.edf,train,True,2555616,True,64,64,160.0,122.99375,19680,True,15,8,7,30,0,0,False,False,0,50,,Fc5.|Fc3.|Fc1.|Fc2.|Fc4.|C5..|C3..|C1..|C2..|C6..|Cp5.|Cp4.|Cp6.|Fp1.|Fpz.|Fp2.|Af7.|Af3.|Afz.|Af4.|Af8.|F7..|F5..|F3..|F1..|Fz..|F2..|F4..|F6..|F8..|Ft7.|Ft8.|T7..|T9..|T10.|Tp8.|P7..|P5..|P3..|P4..|P6..|P8..|Po7.|Po3.|Poz.|Po8.|O1..|Oz..|O2..|Iz..,True,left_fist_imagery,right_fist_imagery,15,VALID_WITH_WARNINGS,"50 amplitude-outlier channel(s) (> 500.0 µV): Fc5., Fc3., Fc1., Fc2., Fc4. ...","1 warning(s): 50 amplitude-outlier channel(s) (> 500.0 µV): Fc5., Fc3., Fc1., Fc2., Fc4. ...",
S060,4,R04,data/raw/physionet/S060/S060R04.edf,train,True,2555616,True,64,64,160.0,122.99375,19680,True,15,7,8,30,0,0,False,False,0,64,,Fc5.|Fc3.|Fc1.|Fcz.|Fc2.|Fc4.|Fc6.|C5..|C3..|C1..|Cz..|C2..|C4..|C6..|Cp5.|Cp3.|Cp1.|Cpz.|Cp2.|Cp4.|Cp6.|Fp1.|Fpz.|Fp2.|Af7.|Af3.|Afz.|Af4.|Af8.|F7..|F5..|F3..|F1..|Fz..|F2..|F4..|F6..|F8..|Ft7.|Ft8.|T7..|T8..|T9..|T10.|Tp7.|Tp8.|P7..|P5..|P3..|P1..|Pz..|P2..|P4..|P6..|P8..|Po7.|Po3.|Poz.|Po4.|Po8.|O1..|Oz..|O2..|Iz..,True,left_fist_imagery,right_fist_imagery,15,VALID_WITH_WARNINGS,"64 amplitude-outlier channel(s) (> 500.0 µV): Fc5., Fc3., Fc1., Fcz., Fc2. ...","1 warning(s): 64 amplitude-outlier channel(s) (> 500.0 µV): Fc5., Fc3., Fc1., Fcz., Fc2. ...",
S060,8,R08,data/raw/physionet/S060/S060R08.edf,train,True,2555616,True,64,64,160.0,122.99375,19680,True,15,8,7,30,0,0,False,False,0,64,,Fc5.|Fc3.|Fc1.|Fcz.|Fc2.|Fc4.|Fc6.|C5..|C3..|C1..|Cz..|C2..|C4..|C6..|Cp5.|Cp3.|Cp1.|Cpz.|Cp2.|Cp4.|Cp6.|Fp1.|Fpz.|Fp2.|Af7.|Af3.|Afz.|Af4.|Af8.|F7..|F5..|F3..|F1..|Fz..|F2..|F4..|F6..|F8..|Ft7.|Ft8.|T7..|T8..|T9..|T10.|Tp7.|Tp8.|P7..|P5..|P3..|P1..|Pz..|P2..|P4..|P6..|P8..|Po7.|Po3.|Poz.|Po4.|Po8.|O1..|Oz..|O2..|Iz..,True,left_fist_imagery,right_fist_imagery,15,VALID_WITH_WARNINGS,"64 amplitude-outlier channel(s) (> 500.0 µV): Fc5., Fc3., Fc1., Fcz., Fc2. ...","1 warning(s): 64 amplitude-outlier channel(s) (> 500.0 µV): Fc5., Fc3., Fc1., Fcz., Fc2. ...",
S060,12,R12,data/raw/physionet/S060/S060R12.edf,train,True,2555616,True,64,64,160.0,122.99375,19680,True,15,8,7,30,0,0,False,False,0,18,,Fp1.|Fpz.|Fp2.|Af7.|Af3.|Afz.|Af4.|Af8.|F7..|F5..|F1..|F6..|F8..|Pz..|Po7.|Poz.|O1..|Oz..,True,left_fist_imagery,right_fist_imagery,15,VALID_WITH_WARNINGS,"18 amplitude-outlier channel(s) (> 500.0 µV): Fp1., Fpz., Fp2., Af7., Af3. ...","1 warning(s): 18 amplitude-outlier channel(s) (> 500.0 µV): Fp1., Fpz., Fp2., Af7., Af3. ...",
S061,4,R04,data/raw/physionet/S061/S061R04.edf,train,True,2596896,True,64,64,160.0,124.99375,20000,True,15,7,8,30,0,0,False,False,0,19,,Fc2.|Fc6.|Fp1.|Fpz.|Fp2.|Af7.|Af3.|Afz.|Af4.|Af8.|F7..|F5..|F3..|F1..|Fz..|F2..|F4..|F6..|F8..,True,left_fist_imagery,right_fist_imagery,15,VALID_WITH_WARNINGS,"19 amplitude-outlier channel(s) (> 500.0 µV): Fc2., Fc6., Fp1., Fpz., Fp2. ...","1 warning(s): 19 amplitude-outlier channel(s) (> 500.0 µV): Fc2., Fc6., Fp1., Fpz., Fp2. ...",
S061,8,R08,data/raw/physionet/S061/S061R08.edf,train,True,2596896,True,64,64,160.0,124.99375,20000,True,15,8,7,30,0,0,False,False,0,17,,Fp1.|Fpz.|Fp2.|Af7.|Af3.|Afz.|Af4.|Af8.|F7..|F5..|F3..|F1..|Fz..|F2..|F4..|F6..|F8..,True,left_fist_imagery,right_fist_imagery,15,VALID_WITH_WARNINGS,"17 amplitude-outlier channel(s) (> 500.0 µV): Fp1., Fpz., Fp2., Af7., Af3. ...","1 warning(s): 17 amplitude-outlier channel(s) (> 500.0 µV): Fp1., Fpz., Fp2., Af7., Af3. ...",
S061,12,R12,data/raw/physionet/S061/S061R12.edf,train,True,2596896,True,64,64,160.0,124.99375,20000,True,15,7,8,30,0,0,False,False,0,17,,Fp1.|Fpz.|Fp2.|Af7.|Af3.|Afz.|Af4.|Af8.|F7..|F5..|F3..|F1..|Fz..|F2..|F4..|F6..|F8..,True,left_fist_imagery,right_fist_imagery,15,VALID_WITH_WARNINGS,"17 amplitude-outlier channel(s) (> 500.0 µV): Fp1., Fpz., Fp2., Af7., Af3. ...","1 warning(s): 17 amplitude-outlier channel(s) (> 500.0 µV): Fp1., Fpz., Fp2., Af7., Af3. ...",
S065,4,R04,data/raw/physionet/S065/S065R04.edf,train,True,2596896,True,64,64,160.0,124.99375,20000,True,15,8,7,30,0,0,False,False,0,4,,Fp1.|Fpz.|Fp2.|Af7.,True,left_fist_imagery,right_fist_imagery,15,VALID_WITH_WARNINGS,"4 amplitude-outlier channel(s) (> 500.0 µV): Fp1., Fpz., Fp2., Af7.","1 warning(s): 4 amplitude-outlier channel(s) (> 500.0 µV): Fp1., Fpz., Fp2., Af7.",
S065,8,R08,data/raw/physionet/S065/S065R08.edf,train,True,2596896,True,64,64,160.0,124.99375,20000,True,15,8,7,30,0,0,False,False,0,7,,Fp1.|Fpz.|Fp2.|Af7.|Af3.|Af4.|Af8.,True,left_fist_imagery,right_fist_imagery,15,VALID_WITH_WARNINGS,"7 amplitude-outlier channel(s) (> 500.0 µV): Fp1., Fpz., Fp2., Af7., Af3. ...","1 warning(s): 7 amplitude-outlier channel(s) (> 500.0 µV): Fp1., Fpz., Fp2., Af7., Af3. ...",
S065,12,R12,data/raw/physionet/S065/S065R12.edf,train,True,2596896,True,64,64,160.0,124.99375,20000,True,15,8,7,30,0,0,False,False,0,6,,Fp1.|Fpz.|Fp2.|Af7.|Af8.|P8..,True,left_fist_imagery,right_fist_imagery,15,VALID_WITH_WARNINGS,"6 amplitude-outlier channel(s) (> 500.0 µV): Fp1., Fpz., Fp2., Af7., Af8. ...","1 warning(s): 6 amplitude-outlier channel(s) (> 500.0 µV): Fp1., Fpz., Fp2., Af7., Af8. ...",
S068,4,R04,data/raw/physionet/S068/S068R04.edf,train,True,2555616,True,64,64,160.0,122.99375,19680,True,15,8,7,30,0,0,False,False,0,14,,Fc5.|Cp1.|Fp1.|Fpz.|Fp2.|Af7.|Af3.|Afz.|Af4.|Af8.|F7..|F5..|F6..|F8..,True,left_fist_imagery,right_fist_imagery,15,VALID_WITH_WARNINGS,"14 amplitude-outlier channel(s) (> 500.0 µV): Fc5., Cp1., Fp1., Fpz., Fp2. ...","1 warning(s): 14 amplitude-outlier channel(s) (> 500.0 µV): Fc5., Cp1., Fp1., Fpz., Fp2. ...",
S068,8,R08,data/raw/physionet/S068/S068R08.edf,train,True,2555616,True,64,64,160.0,122.99375,19680,True,15,7,8,30,0,0,False,False,0,47,,Fc5.|Fc1.|Fcz.|Fc2.|Fc4.|C5..|C3..|C1..|Cz..|C2..|C4..|C6..|Cp5.|Cp1.|Cpz.|Cp2.|Cp4.|Cp6.|Fp1.|Fpz.|Fp2.|Af7.|Af3.|Afz.|Af4.|Af8.|F7..|F5..|F3..|F1..|Fz..|F2..|F4..|F6..|F8..|Ft7.|T7..|T9..|Tp7.|P5..|P3..|Pz..|P4..|P8..|O1..|O2..|Iz..,True,left_fist_imagery,right_fist_imagery,15,VALID_WITH_WARNINGS,"47 amplitude-outlier channel(s) (> 500.0 µV): Fc5., Fc1., Fcz., Fc2., Fc4. ...","1 warning(s): 47 amplitude-outlier channel(s) (> 500.0 µV): Fc5., Fc1., Fcz., Fc2., Fc4. ...",
S068,12,R12,data/raw/physionet/S068/S068R12.edf,train,True,2555616,True,64,64,160.0,122.99375,19680,True,15,7,8,30,0,0,False,False,0,56,,Fc5.|Fc3.|Fc1.|Fcz.|Fc2.|Fc4.|Fc6.|C5..|C3..|C1..|Cz..|C2..|C4..|C6..|Cp5.|Cp3.|Cp1.|Cpz.|Cp4.|Cp6.|Fp1.|Fpz.|Fp2.|Af7.|Af3.|Afz.|Af4.|Af8.|F7..|F5..|F3..|F1..|Fz..|F2..|F4..|F6..|F8..|Ft7.|T7..|T9..|Tp7.|P7..|P5..|P3..|Pz..|P2..|P6..|P8..|Po7.|Po3.|Poz.|Po4.|O1..|Oz..|O2..|Iz..,True,left_fist_imagery,right_fist_imagery,15,VALID_WITH_WARNINGS,"56 amplitude-outlier channel(s) (> 500.0 µV): Fc5., Fc3., Fc1., Fcz., Fc2. ...","1 warning(s): 56 amplitude-outlier channel(s) (> 500.0 µV): Fc5., Fc3., Fc1., Fcz., Fc2. ...",
S070,4,R04,data/raw/physionet/S070/S070R04.edf,train,True,2555616,True,64,64,160.0,122.99375,19680,True,15,7,8,30,0,0,False,False,0,9,,Fp1.|Fpz.|Fp2.|Af7.|Af3.|Afz.|Af8.|F7..|F5..,True,left_fist_imagery,right_fist_imagery,15,VALID_WITH_WARNINGS,"9 amplitude-outlier channel(s) (> 500.0 µV): Fp1., Fpz., Fp2., Af7., Af3. ...","1 warning(s): 9 amplitude-outlier channel(s) (> 500.0 µV): Fp1., Fpz., Fp2., Af7., Af3. ...",
S070,8,R08,data/raw/physionet/S070/S070R08.edf,train,True,2555616,True,64,64,160.0,122.99375,19680,True,15,8,7,30,0,0,False,False,0,11,,Fp1.|Fpz.|Fp2.|Af7.|Af3.|Afz.|Af4.|Af8.|F7..|F6..|F8..,True,left_fist_imagery,right_fist_imagery,15,VALID_WITH_WARNINGS,"11 amplitude-outlier channel(s) (> 500.0 µV): Fp1., Fpz., Fp2., Af7., Af3. ...","1 warning(s): 11 amplitude-outlier channel(s) (> 500.0 µV): Fp1., Fpz., Fp2., Af7., Af3. ...",
S070,12,R12,data/raw/physionet/S070/S070R12.edf,train,True,2555616,True,64,64,160.0,122.99375,19680,True,15,7,8,30,0,0,False,False,0,48,,Fc5.|Fc3.|Fc1.|Fcz.|Fc2.|Fc4.|Fc6.|C5..|C3..|C1..|Cz..|C6..|Cp5.|Cp3.|Cp1.|Fp1.|Fpz.|Fp2.|Af7.|Af8.|F6..|F8..|Ft7.|Ft8.|T7..|T8..|T9..|T10.|Tp7.|Tp8.|P7..|P5..|P3..|P1..|Pz..|P2..|P4..|P6..|P8..|Po7.|Po3.|Poz.|Po4.|Po8.|O1..|Oz..|O2..|Iz..,True,left_fist_imagery,right_fist_imagery,15,VALID_WITH_WARNINGS,"48 amplitude-outlier channel(s) (> 500.0 µV): Fc5., Fc3., Fc1., Fcz., Fc2. ...","1 warning(s): 48 amplitude-outlier channel(s) (> 500.0 µV): Fc5., Fc3., Fc1., Fcz., Fc2. ...",
S071,4,R04,data/raw/physionet/S071/S071R04.edf,train,True,2596896,True,64,64,160.0,124.99375,20000,True,15,8,7,30,0,0,False,False,0,7,,Fp1.|Fpz.|Fp2.|Af7.|Af3.|Af8.|F3..,True,left_fist_imagery,right_fist_imagery,15,VALID_WITH_WARNINGS,"7 amplitude-outlier channel(s) (> 500.0 µV): Fp1., Fpz., Fp2., Af7., Af3. ...","1 warning(s): 7 amplitude-outlier channel(s) (> 500.0 µV): Fp1., Fpz., Fp2., Af7., Af3. ...",
S071,8,R08,data/raw/physionet/S071/S071R08.edf,train,True,2596896,True,64,64,160.0,124.99375,20000,True,15,7,8,30,0,0,False,False,0,1,,P2..,True,left_fist_imagery,right_fist_imagery,15,VALID_WITH_WARNINGS,1 amplitude-outlier channel(s) (> 500.0 µV): P2..,1 warning(s): 1 amplitude-outlier channel(s) (> 500.0 µV): P2..,
S071,12,R12,data/raw/physionet/S071/S071R12.edf,train,True,2596896,True,64,64,160.0,124.99375,20000,True,15,7,8,30,0,0,False,False,0,3,,Fp1.|Fp2.|Af8.,True,left_fist_imagery,right_fist_imagery,15,VALID_WITH_WARNINGS,"3 amplitude-outlier channel(s) (> 500.0 µV): Fp1., Fp2., Af8.","1 warning(s): 3 amplitude-outlier channel(s) (> 500.0 µV): Fp1., Fp2., Af8.",
S075,4,R04,data/raw/physionet/S075/S075R04.edf,train,True,2555616,True,64,64,160.0,122.99375,19680,True,15,7,8,30,0,0,False,False,0,16,,Fc5.|Fp1.|Fpz.|Fp2.|Af7.|Af3.|Afz.|Af4.|Af8.|F7..|F5..|F3..|F1..|Fz..|F2..|Ft7.,True,left_fist_imagery,right_fist_imagery,15,VALID_WITH_WARNINGS,"16 amplitude-outlier channel(s) (> 500.0 µV): Fc5., Fp1., Fpz., Fp2., Af7. ...","1 warning(s): 16 amplitude-outlier channel(s) (> 500.0 µV): Fc5., Fp1., Fpz., Fp2., Af7. ...",
S075,8,R08,data/raw/physionet/S075/S075R08.edf,train,True,2555616,True,64,64,160.0,122.99375,19680,True,15,7,8,30,0,0,False,False,0,27,,Fc5.|Fc3.|Fc1.|Fcz.|C5..|C3..|Cp3.|Fp1.|Fpz.|Fp2.|Af7.|Af3.|Afz.|Af4.|Af8.|F7..|F5..|F3..|F1..|Fz..|F2..|F4..|F6..|F8..|Ft7.|T7..|Iz..,True,left_fist_imagery,right_fist_imagery,15,VALID_WITH_WARNINGS,"27 amplitude-outlier channel(s) (> 500.0 µV): Fc5., Fc3., Fc1., Fcz., C5.. ...","1 warning(s): 27 amplitude-outlier channel(s) (> 500.0 µV): Fc5., Fc3., Fc1., Fcz., C5.. ...",
S075,12,R12,data/raw/physionet/S075/S075R12.edf,train,True,2555616,True,64,64,160.0,122.99375,19680,True,15,8,7,30,0,0,False,False,0,19,,Fcz.|Fp1.|Fpz.|Fp2.|Af7.|Af3.|Afz.|Af4.|Af8.|F7..|F5..|F3..|F1..|Fz..|F2..|F4..|F6..|F8..|Ft7.,True,left_fist_imagery,right_fist_imagery,15,VALID_WITH_WARNINGS,"19 amplitude-outlier channel(s) (> 500.0 µV): Fcz., Fp1., Fpz., Fp2., Af7. ...","1 warning(s): 19 amplitude-outlier channel(s) (> 500.0 µV): Fcz., Fp1., Fpz., Fp2., Af7. ...",
S077,4,R04,data/raw/physionet/S077/S077R04.edf,train,True,2555616,True,64,64,160.0,122.99375,19680,True,15,7,8,30,0,0,False,False,0,16,,Fc5.|Cp6.|Fp1.|Fpz.|Fp2.|Af7.|Af3.|Afz.|Af4.|Af8.|F7..|F5..|F2..|F4..|F6..|F8..,True,left_fist_imagery,right_fist_imagery,15,VALID_WITH_WARNINGS,"16 amplitude-outlier channel(s) (> 500.0 µV): Fc5., Cp6., Fp1., Fpz., Fp2. ...","1 warning(s): 16 amplitude-outlier channel(s) (> 500.0 µV): Fc5., Cp6., Fp1., Fpz., Fp2. ...",
S077,8,R08,data/raw/physionet/S077/S077R08.edf,train,True,2555616,True,64,64,160.0,122.99375,19680,True,15,7,8,30,0,0,False,False,0,16,,Fc5.|Fc6.|Fp1.|Fpz.|Fp2.|Af7.|Af3.|Afz.|Af4.|Af8.|F7..|F5..|F3..|F4..|F6..|F8..,True,left_fist_imagery,right_fist_imagery,15,VALID_WITH_WARNINGS,"16 amplitude-outlier channel(s) (> 500.0 µV): Fc5., Fc6., Fp1., Fpz., Fp2. ...","1 warning(s): 16 amplitude-outlier channel(s) (> 500.0 µV): Fc5., Fc6., Fp1., Fpz., Fp2. ...",
S077,12,R12,data/raw/physionet/S077/S077R12.edf,train,True,2555616,True,64,64,160.0,122.99375,19680,True,15,7,8,30,0,0,False,False,0,11,,Fp1.|Fpz.|Fp2.|Af7.|Af3.|Af4.|Af8.|F7..|F5..|F3..|F8..,True,left_fist_imagery,right_fist_imagery,15,VALID_WITH_WARNINGS,"11 amplitude-outlier channel(s) (> 500.0 µV): Fp1., Fpz., Fp2., Af7., Af3. ...","1 warning(s): 11 amplitude-outlier channel(s) (> 500.0 µV): Fp1., Fpz., Fp2., Af7., Af3. ...",
S079,4,R04,data/raw/physionet/S079/S079R04.edf,validation,True,2596896,True,64,64,160.0,124.99375,20000,True,15,8,7,30,0,0,False,False,0,1,,P1..,True,left_fist_imagery,right_fist_imagery,15,VALID_WITH_WARNINGS,1 amplitude-outlier channel(s) (> 500.0 µV): P1..,1 warning(s): 1 amplitude-outlier channel(s) (> 500.0 µV): P1..,
S079,8,R08,data/raw/physionet/S079/S079R08.edf,validation,True,2596896,True,64,64,160.0,124.99375,20000,True,15,7,8,30,0,0,False,False,0,63,,Fc5.|Fc3.|Fc1.|Fcz.|Fc2.|Fc4.|Fc6.|C5..|C3..|C1..|Cz..|C2..|C4..|C6..|Cp5.|Cp3.|Cp1.|Cpz.|Cp2.|Cp4.|Cp6.|Fpz.|Fp2.|Af7.|Af3.|Afz.|Af4.|Af8.|F7..|F5..|F3..|F1..|Fz..|F2..|F4..|F6..|F8..|Ft7.|Ft8.|T7..|T8..|T9..|T10.|Tp7.|Tp8.|P7..|P5..|P3..|P1..|Pz..|P2..|P4..|P6..|P8..|Po7.|Po3.|Poz.|Po4.|Po8.|O1..|Oz..|O2..|Iz..,True,left_fist_imagery,right_fist_imagery,15,VALID_WITH_WARNINGS,"63 amplitude-outlier channel(s) (> 500.0 µV): Fc5., Fc3., Fc1., Fcz., Fc2. ...","1 warning(s): 63 amplitude-outlier channel(s) (> 500.0 µV): Fc5., Fc3., Fc1., Fcz., Fc2. ...",
S079,12,R12,data/raw/physionet/S079/S079R12.edf,validation,True,2596896,True,64,64,160.0,124.99375,20000,True,15,7,8,30,0,0,False,False,0,63,,Fc5.|Fc3.|Fc1.|Fcz.|Fc2.|Fc4.|Fc6.|C5..|C3..|C1..|Cz..|C2..|C4..|C6..|Cp5.|Cp3.|Cp1.|Cpz.|Cp2.|Cp4.|Cp6.|Fpz.|Fp2.|Af7.|Af3.|Afz.|Af4.|Af8.|F7..|F5..|F3..|F1..|Fz..|F2..|F4..|F6..|F8..|Ft7.|Ft8.|T7..|T8..|T9..|T10.|Tp7.|Tp8.|P7..|P5..|P3..|P1..|Pz..|P2..|P4..|P6..|P8..|Po7.|Po3.|Poz.|Po4.|Po8.|O1..|Oz..|O2..|Iz..,True,left_fist_imagery,right_fist_imagery,15,VALID_WITH_WARNINGS,"63 amplitude-outlier channel(s) (> 500.0 µV): Fc5., Fc3., Fc1., Fcz., Fc2. ...","1 warning(s): 63 amplitude-outlier channel(s) (> 500.0 µV): Fc5., Fc3., Fc1., Fcz., Fc2. ...",
S080,4,R04,data/raw/physionet/S080/S080R04.edf,validation,True,2555616,True,64,64,160.0,122.99375,19680,True,15,7,8,30,0,0,False,False,0,7,,Fp1.|Fpz.|Fp2.|Af7.|Af3.|Af8.|F7..,True,left_fist_imagery,right_fist_imagery,15,VALID_WITH_WARNINGS,"7 amplitude-outlier channel(s) (> 500.0 µV): Fp1., Fpz., Fp2., Af7., Af3. ...","1 warning(s): 7 amplitude-outlier channel(s) (> 500.0 µV): Fp1., Fpz., Fp2., Af7., Af3. ...",
S080,8,R08,data/raw/physionet/S080/S080R08.edf,validation,True,2555616,True,64,64,160.0,122.99375,19680,True,15,8,7,30,0,0,False,False,0,6,,Fp1.|Fpz.|Fp2.|Af7.|Af8.|P2..,True,left_fist_imagery,right_fist_imagery,15,VALID_WITH_WARNINGS,"6 amplitude-outlier channel(s) (> 500.0 µV): Fp1., Fpz., Fp2., Af7., Af8. ...","1 warning(s): 6 amplitude-outlier channel(s) (> 500.0 µV): Fp1., Fpz., Fp2., Af7., Af8. ...",
S080,12,R12,data/raw/physionet/S080/S080R12.edf,validation,True,2555616,True,64,64,160.0,122.99375,19680,True,15,8,7,30,0,0,False,False,0,8,,Fp1.|Fpz.|Fp2.|Af7.|Af3.|Af8.|F7..|F8..,True,left_fist_imagery,right_fist_imagery,15,VALID_WITH_WARNINGS,"8 amplitude-outlier channel(s) (> 500.0 µV): Fp1., Fpz., Fp2., Af7., Af3. ...","1 warning(s): 8 amplitude-outlier channel(s) (> 500.0 µV): Fp1., Fpz., Fp2., Af7., Af3. ...",
S083,4,R04,data/raw/physionet/S083/S083R04.edf,validation,True,2596896,True,64,64,160.0,124.99375,20000,True,15,8,7,30,0,0,False,False,0,10,,Fp1.|Fpz.|Fp2.|Af7.|Af3.|Afz.|Af4.|Af8.|F2..|F8..,True,left_fist_imagery,right_fist_imagery,15,VALID_WITH_WARNINGS,"10 amplitude-outlier channel(s) (> 500.0 µV): Fp1., Fpz., Fp2., Af7., Af3. ...","1 warning(s): 10 amplitude-outlier channel(s) (> 500.0 µV): Fp1., Fpz., Fp2., Af7., Af3. ...",
S083,8,R08,data/raw/physionet/S083/S083R08.edf,validation,True,2596896,True,64,64,160.0,124.99375,20000,True,15,7,8,30,0,0,False,False,0,5,,Fp1.|Fpz.|Fp2.|Af7.|Af8.,True,left_fist_imagery,right_fist_imagery,15,VALID_WITH_WARNINGS,"5 amplitude-outlier channel(s) (> 500.0 µV): Fp1., Fpz., Fp2., Af7., Af8.","1 warning(s): 5 amplitude-outlier channel(s) (> 500.0 µV): Fp1., Fpz., Fp2., Af7., Af8.",
S083,12,R12,data/raw/physionet/S083/S083R12.edf,validation,True,2596896,True,64,64,160.0,124.99375,20000,True,15,7,8,30,0,0,False,False,0,8,,Fp1.|Fpz.|Fp2.|Af7.|Af3.|Af4.|Af8.|Tp8.,True,left_fist_imagery,right_fist_imagery,15,VALID_WITH_WARNINGS,"8 amplitude-outlier channel(s) (> 500.0 µV): Fp1., Fpz., Fp2., Af7., Af3. ...","1 warning(s): 8 amplitude-outlier channel(s) (> 500.0 µV): Fp1., Fpz., Fp2., Af7., Af3. ...",
S084,4,R04,data/raw/physionet/S084/S084R04.edf,validation,True,2555616,True,64,64,160.0,122.99375,19680,True,15,8,7,30,0,0,False,False,0,25,,Cp6.|Fp1.|Fpz.|Fp2.|Af7.|Af3.|Af4.|Af8.|F3..|Ft8.|Tp7.|Tp8.|P7..|Pz..|P2..|P8..|Po7.|Po3.|Poz.|Po4.|Po8.|O1..|Oz..|O2..|Iz..,True,left_fist_imagery,right_fist_imagery,15,VALID_WITH_WARNINGS,"25 amplitude-outlier channel(s) (> 500.0 µV): Cp6., Fp1., Fpz., Fp2., Af7. ...","1 warning(s): 25 amplitude-outlier channel(s) (> 500.0 µV): Cp6., Fp1., Fpz., Fp2., Af7. ...",
S084,8,R08,data/raw/physionet/S084/S084R08.edf,validation,True,2555616,True,64,64,160.0,122.99375,19680,True,15,8,7,30,0,0,False,False,0,19,,Cp6.|Fp1.|Fpz.|Fp2.|Af7.|Af3.|Afz.|Af4.|Af8.|F7..|F5..|F3..|P7..|P5..|Pz..|Poz.|O1..|Oz..|Iz..,True,left_fist_imagery,right_fist_imagery,15,VALID_WITH_WARNINGS,"19 amplitude-outlier channel(s) (> 500.0 µV): Cp6., Fp1., Fpz., Fp2., Af7. ...","1 warning(s): 19 amplitude-outlier channel(s) (> 500.0 µV): Cp6., Fp1., Fpz., Fp2., Af7. ...",
S084,12,R12,data/raw/physionet/S084/S084R12.edf,validation,True,2555616,True,64,64,160.0,122.99375,19680,True,15,7,8,30,0,0,False,False,0,52,,Fc5.|Fc3.|Fcz.|Fc2.|Fc4.|Fc6.|C5..|C3..|C1..|C2..|Cp5.|Cp3.|Cp1.|Cpz.|Cp2.|Cp4.|Cp6.|Fp1.|Fpz.|Fp2.|Af7.|Af3.|Afz.|Af4.|Af8.|F7..|F5..|F3..|F1..|Fz..|F2..|F6..|F8..|Ft7.|T7..|T9..|T10.|P5..|Pz..|P2..|P4..|P6..|P8..|Po7.|Po3.|Poz.|Po4.|Po8.|O1..|Oz..|O2..|Iz..,True,left_fist_imagery,right_fist_imagery,15,VALID_WITH_WARNINGS,"52 amplitude-outlier channel(s) (> 500.0 µV): Fc5., Fc3., Fcz., Fc2., Fc4. ...","1 warning(s): 52 amplitude-outlier channel(s) (> 500.0 µV): Fc5., Fc3., Fcz., Fc2., Fc4. ...",
S086,4,R04,data/raw/physionet/S086/S086R04.edf,validation,True,2596896,True,64,64,160.0,124.99375,20000,True,15,8,7,30,0,0,False,False,0,27,,Fc5.|Fc3.|Fc1.|Fc6.|C5..|C6..|Cp5.|Fpz.|Fp2.|Af7.|Af3.|Afz.|Af4.|Af8.|F7..|F5..|F3..|F1..|Fz..|F2..|F4..|F6..|F8..|Ft7.|Ft8.|T10.|P1..,True,left_fist_imagery,right_fist_imagery,15,VALID_WITH_WARNINGS,"27 amplitude-outlier channel(s) (> 500.0 µV): Fc5., Fc3., Fc1., Fc6., C5.. ...","1 warning(s): 27 amplitude-outlier channel(s) (> 500.0 µV): Fc5., Fc3., Fc1., Fc6., C5.. ...",
S086,8,R08,data/raw/physionet/S086/S086R08.edf,validation,True,2596896,True,64,64,160.0,124.99375,20000,True,15,7,8,30,0,0,False,False,0,30,,Fc5.|Fc3.|Fc1.|Fcz.|Fc2.|Fc4.|Fc6.|C5..|C1..|Cz..|C2..|C4..|Fpz.|Fp2.|Af7.|Af3.|Afz.|Af4.|Af8.|F7..|F5..|F3..|F1..|Fz..|F2..|F4..|F6..|F8..|Ft7.|Ft8.,True,left_fist_imagery,right_fist_imagery,15,VALID_WITH_WARNINGS,"30 amplitude-outlier channel(s) (> 500.0 µV): Fc5., Fc3., Fc1., Fcz., Fc2. ...","1 warning(s): 30 amplitude-outlier channel(s) (> 500.0 µV): Fc5., Fc3., Fc1., Fcz., Fc2. ...",
S086,12,R12,data/raw/physionet/S086/S086R12.edf,validation,True,2596896,True,64,64,160.0,124.99375,20000,True,15,7,8,30,0,0,False,False,0,17,,Fpz.|Fp2.|Af7.|Af3.|Afz.|Af4.|Af8.|F7..|F5..|F3..|F1..|Fz..|F2..|F4..|F6..|F8..|Ft7.,True,left_fist_imagery,right_fist_imagery,15,VALID_WITH_WARNINGS,"17 amplitude-outlier channel(s) (> 500.0 µV): Fpz., Fp2., Af7., Af3., Afz. ...","1 warning(s): 17 amplitude-outlier channel(s) (> 500.0 µV): Fpz., Fp2., Af7., Af3., Afz. ...",
S087,4,R04,data/raw/physionet/S087/S087R04.edf,validation,True,2555616,True,64,64,160.0,122.99375,19680,True,15,8,7,30,0,0,False,False,0,4,,Fp1.|Fpz.|Fp2.|Af8.,True,left_fist_imagery,right_fist_imagery,15,VALID_WITH_WARNINGS,"4 amplitude-outlier channel(s) (> 500.0 µV): Fp1., Fpz., Fp2., Af8.","1 warning(s): 4 amplitude-outlier channel(s) (> 500.0 µV): Fp1., Fpz., Fp2., Af8.",
S087,8,R08,data/raw/physionet/S087/S087R08.edf,validation,True,2555616,True,64,64,160.0,122.99375,19680,True,15,7,8,30,0,0,False,False,0,4,,Fpz.|Fp2.|Af7.|Af8.,True,left_fist_imagery,right_fist_imagery,15,VALID_WITH_WARNINGS,"4 amplitude-outlier channel(s) (> 500.0 µV): Fpz., Fp2., Af7., Af8.","1 warning(s): 4 amplitude-outlier channel(s) (> 500.0 µV): Fpz., Fp2., Af7., Af8.",
S087,12,R12,data/raw/physionet/S087/S087R12.edf,validation,True,2555616,True,64,64,160.0,122.99375,19680,True,15,7,8,30,0,0,False,False,0,5,,Fp1.|Fpz.|Fp2.|Af7.|Af8.,True,left_fist_imagery,right_fist_imagery,15,VALID_WITH_WARNINGS,"5 amplitude-outlier channel(s) (> 500.0 µV): Fp1., Fpz., Fp2., Af7., Af8.","1 warning(s): 5 amplitude-outlier channel(s) (> 500.0 µV): Fp1., Fpz., Fp2., Af7., Af8.",
S088,4,R04,data/raw/physionet/S088/S088R04.edf,validation,True,2064384,True,64,64,128.0,123.9921875,15872,True,19,10,9,38,0,0,False,False,0,64,,Fc5.|Fc3.|Fc1.|Fcz.|Fc2.|Fc4.|Fc6.|C5..|C3..|C1..|Cz..|C2..|C4..|C6..|Cp5.|Cp3.|Cp1.|Cpz.|Cp2.|Cp4.|Cp6.|Fp1.|Fpz.|Fp2.|Af7.|Af3.|Afz.|Af4.|Af8.|F7..|F5..|F3..|F1..|Fz..|F2..|F4..|F6..|F8..|Ft7.|Ft8.|T7..|T8..|T9..|T10.|Tp7.|Tp8.|P7..|P5..|P3..|P1..|Pz..|P2..|P4..|P6..|P8..|Po7.|Po3.|Poz.|Po4.|Po8.|O1..|Oz..|O2..|Iz..,True,left_fist_imagery,right_fist_imagery,19,VALID_WITH_WARNINGS,"Non-standard sampling frequency: 128.0 Hz (majority is 160.0 Hz)|64 amplitude-outlier channel(s) (> 500.0 µV): Fc5., Fc3., Fc1., Fcz., Fc2. ...","2 warning(s): Non-standard sampling frequency: 128.0 Hz (majority is 160.0 Hz); 64 amplitude-outlier channel(s) (> 500.0 µV): Fc5., Fc3., Fc1., Fcz., Fc2. ...",
S088,8,R08,data/raw/physionet/S088/S088R08.edf,validation,True,2064384,True,64,64,128.0,123.9921875,15872,True,19,10,9,38,0,0,False,False,0,64,,Fc5.|Fc3.|Fc1.|Fcz.|Fc2.|Fc4.|Fc6.|C5..|C3..|C1..|Cz..|C2..|C4..|C6..|Cp5.|Cp3.|Cp1.|Cpz.|Cp2.|Cp4.|Cp6.|Fp1.|Fpz.|Fp2.|Af7.|Af3.|Afz.|Af4.|Af8.|F7..|F5..|F3..|F1..|Fz..|F2..|F4..|F6..|F8..|Ft7.|Ft8.|T7..|T8..|T9..|T10.|Tp7.|Tp8.|P7..|P5..|P3..|P1..|Pz..|P2..|P4..|P6..|P8..|Po7.|Po3.|Poz.|Po4.|Po8.|O1..|Oz..|O2..|Iz..,True,left_fist_imagery,right_fist_imagery,19,VALID_WITH_WARNINGS,"Non-standard sampling frequency: 128.0 Hz (majority is 160.0 Hz)|64 amplitude-outlier channel(s) (> 500.0 µV): Fc5., Fc3., Fc1., Fcz., Fc2. ...","2 warning(s): Non-standard sampling frequency: 128.0 Hz (majority is 160.0 Hz); 64 amplitude-outlier channel(s) (> 500.0 µV): Fc5., Fc3., Fc1., Fcz., Fc2. ...",
S088,12,R12,data/raw/physionet/S088/S088R12.edf,validation,True,2064384,True,64,64,128.0,123.9921875,15872,True,19,9,10,38,0,0,False,False,0,63,,Fc5.|Fc3.|Fc1.|Fcz.|Fc2.|Fc4.|Fc6.|C5..|C3..|C1..|Cz..|C2..|C6..|Cp5.|Cp3.|Cp1.|Cpz.|Cp2.|Cp4.|Cp6.|Fp1.|Fpz.|Fp2.|Af7.|Af3.|Afz.|Af4.|Af8.|F7..|F5..|F3..|F1..|Fz..|F2..|F4..|F6..|F8..|Ft7.|Ft8.|T7..|T8..|T9..|T10.|Tp7.|Tp8.|P7..|P5..|P3..|P1..|Pz..|P2..|P4..|P6..|P8..|Po7.|Po3.|Poz.|Po4.|Po8.|O1..|Oz..|O2..|Iz..,True,left_fist_imagery,right_fist_imagery,19,VALID_WITH_WARNINGS,"Non-standard sampling frequency: 128.0 Hz (majority is 160.0 Hz)|63 amplitude-outlier channel(s) (> 500.0 µV): Fc5., Fc3., Fc1., Fcz., Fc2. ...","2 warning(s): Non-standard sampling frequency: 128.0 Hz (majority is 160.0 Hz); 63 amplitude-outlier channel(s) (> 500.0 µV): Fc5., Fc3., Fc1., Fcz., Fc2. ...",
S090,4,R04,data/raw/physionet/S090/S090R04.edf,validation,True,2555616,True,64,64,160.0,122.99375,19680,True,15,7,8,30,0,0,False,False,0,14,,Fp1.|Fpz.|Fp2.|Af7.|Af3.|Afz.|Af4.|Af8.|F7..|F5..|F3..|F4..|F6..|F8..,True,left_fist_imagery,right_fist_imagery,15,VALID_WITH_WARNINGS,"14 amplitude-outlier channel(s) (> 500.0 µV): Fp1., Fpz., Fp2., Af7., Af3. ...","1 warning(s): 14 amplitude-outlier channel(s) (> 500.0 µV): Fp1., Fpz., Fp2., Af7., Af3. ...",
S090,8,R08,data/raw/physionet/S090/S090R08.edf,validation,True,2555616,True,64,64,160.0,122.99375,19680,True,15,7,8,30,0,0,False,False,0,12,,Fp1.|Fpz.|Fp2.|Af7.|Af3.|Afz.|Af4.|Af8.|F7..|F5..|F6..|F8..,True,left_fist_imagery,right_fist_imagery,15,VALID_WITH_WARNINGS,"12 amplitude-outlier channel(s) (> 500.0 µV): Fp1., Fpz., Fp2., Af7., Af3. ...","1 warning(s): 12 amplitude-outlier channel(s) (> 500.0 µV): Fp1., Fpz., Fp2., Af7., Af3. ...",
S090,12,R12,data/raw/physionet/S090/S090R12.edf,validation,True,2555616,True,64,64,160.0,122.99375,19680,True,15,8,7,30,0,0,False,False,0,17,,Fp1.|Fpz.|Fp2.|Af7.|Af3.|Afz.|Af4.|Af8.|F7..|F5..|F3..|F1..|Fz..|F2..|F4..|F6..|F8..,True,left_fist_imagery,right_fist_imagery,15,VALID_WITH_WARNINGS,"17 amplitude-outlier channel(s) (> 500.0 µV): Fp1., Fpz., Fp2., Af7., Af3. ...","1 warning(s): 17 amplitude-outlier channel(s) (> 500.0 µV): Fp1., Fpz., Fp2., Af7., Af3. ...",
S091,4,R04,data/raw/physionet/S091/S091R04.edf,validation,True,2555616,True,64,64,160.0,122.99375,19680,True,15,8,7,30,0,0,False,False,0,18,,Fc5.|Fp1.|Fpz.|Fp2.|Af7.|Af3.|Afz.|Af4.|Af8.|F7..|F5..|F3..|F1..|Fz..|F2..|F4..|F6..|F8..,True,left_fist_imagery,right_fist_imagery,15,VALID_WITH_WARNINGS,"18 amplitude-outlier channel(s) (> 500.0 µV): Fc5., Fp1., Fpz., Fp2., Af7. ...","1 warning(s): 18 amplitude-outlier channel(s) (> 500.0 µV): Fc5., Fp1., Fpz., Fp2., Af7. ...",
S091,8,R08,data/raw/physionet/S091/S091R08.edf,validation,True,2555616,True,64,64,160.0,122.99375,19680,True,15,7,8,30,0,0,False,False,0,18,,Fc5.|Fp1.|Fpz.|Fp2.|Af7.|Af3.|Afz.|Af4.|Af8.|F7..|F5..|F3..|F1..|Fz..|F2..|F4..|F6..|F8..,True,left_fist_imagery,right_fist_imagery,15,VALID_WITH_WARNINGS,"18 amplitude-outlier channel(s) (> 500.0 µV): Fc5., Fp1., Fpz., Fp2., Af7. ...","1 warning(s): 18 amplitude-outlier channel(s) (> 500.0 µV): Fc5., Fp1., Fpz., Fp2., Af7. ...",
S091,12,R12,data/raw/physionet/S091/S091R12.edf,validation,True,2555616,True,64,64,160.0,122.99375,19680,True,15,7,8,30,0,0,False,False,0,17,,Fp1.|Fpz.|Fp2.|Af7.|Af3.|Afz.|Af4.|Af8.|F7..|F5..|F3..|F1..|Fz..|F2..|F4..|F6..|F8..,True,left_fist_imagery,right_fist_imagery,15,VALID_WITH_WARNINGS,"17 amplitude-outlier channel(s) (> 500.0 µV): Fp1., Fpz., Fp2., Af7., Af3. ...","1 warning(s): 17 amplitude-outlier channel(s) (> 500.0 µV): Fp1., Fpz., Fp2., Af7., Af3. ...",
S092,4,R04,data/raw/physionet/S092/S092R04.edf,validation,True,2064384,True,64,64,128.0,123.9921875,15872,True,19,9,10,38,0,0,False,False,0,10,,Fp1.|Fpz.|Fp2.|Af7.|Af3.|Afz.|Af4.|Af8.|F7..|F5..,True,left_fist_imagery,right_fist_imagery,19,VALID_WITH_WARNINGS,"Non-standard sampling frequency: 128.0 Hz (majority is 160.0 Hz)|10 amplitude-outlier channel(s) (> 500.0 µV): Fp1., Fpz., Fp2., Af7., Af3. ...","2 warning(s): Non-standard sampling frequency: 128.0 Hz (majority is 160.0 Hz); 10 amplitude-outlier channel(s) (> 500.0 µV): Fp1., Fpz., Fp2., Af7., Af3. ...",
S092,8,R08,data/raw/physionet/S092/S092R08.edf,validation,True,2064384,True,64,64,128.0,123.9921875,15872,True,19,9,10,38,0,0,False,False,0,3,,Fp1.|Fp2.|Af7.,True,left_fist_imagery,right_fist_imagery,19,VALID_WITH_WARNINGS,"Non-standard sampling frequency: 128.0 Hz (majority is 160.0 Hz)|3 amplitude-outlier channel(s) (> 500.0 µV): Fp1., Fp2., Af7.","2 warning(s): Non-standard sampling frequency: 128.0 Hz (majority is 160.0 Hz); 3 amplitude-outlier channel(s) (> 500.0 µV): Fp1., Fp2., Af7.",
S092,12,R12,data/raw/physionet/S092/S092R12.edf,validation,True,2064384,True,64,64,128.0,123.9921875,15872,True,19,9,10,38,0,0,False,False,0,4,,Fp1.|Fpz.|Fp2.|Af7.,True,left_fist_imagery,right_fist_imagery,19,VALID_WITH_WARNINGS,"Non-standard sampling frequency: 128.0 Hz (majority is 160.0 Hz)|4 amplitude-outlier channel(s) (> 500.0 µV): Fp1., Fpz., Fp2., Af7.","2 warning(s): Non-standard sampling frequency: 128.0 Hz (majority is 160.0 Hz); 4 amplitude-outlier channel(s) (> 500.0 µV): Fp1., Fpz., Fp2., Af7.",
S094,4,R04,data/raw/physionet/S094/S094R04.edf,test,True,2555616,True,64,64,160.0,122.99375,19680,True,15,7,8,30,0,0,False,False,0,22,,Fc5.|Fc3.|C5..|Fp1.|Fpz.|Fp2.|Af7.|Af3.|Afz.|Af4.|Af8.|F7..|F5..|F3..|F1..|F2..|F6..|F8..|Ft7.|Ft8.|Tp7.|Tp8.,True,left_fist_imagery,right_fist_imagery,15,VALID_WITH_WARNINGS,"22 amplitude-outlier channel(s) (> 500.0 µV): Fc5., Fc3., C5.., Fp1., Fpz. ...","1 warning(s): 22 amplitude-outlier channel(s) (> 500.0 µV): Fc5., Fc3., C5.., Fp1., Fpz. ...",
S094,8,R08,data/raw/physionet/S094/S094R08.edf,test,True,2555616,True,64,64,160.0,122.99375,19680,True,15,7,8,30,0,0,False,False,0,17,,Fc3.|C5..|Fp1.|Fpz.|Fp2.|Af7.|Af3.|Afz.|Af4.|Af8.|F7..|F5..|F3..|F1..|F2..|F6..|F8..,True,left_fist_imagery,right_fist_imagery,15,VALID_WITH_WARNINGS,"17 amplitude-outlier channel(s) (> 500.0 µV): Fc3., C5.., Fp1., Fpz., Fp2. ...","1 warning(s): 17 amplitude-outlier channel(s) (> 500.0 µV): Fc3., C5.., Fp1., Fpz., Fp2. ...",
S094,12,R12,data/raw/physionet/S094/S094R12.edf,test,True,2555616,True,64,64,160.0,122.99375,19680,True,15,8,7,30,0,0,False,False,0,12,,Fp1.|Fpz.|Fp2.|Af7.|Af3.|Afz.|Af4.|Af8.|F7..|F5..|F6..|F8..,True,left_fist_imagery,right_fist_imagery,15,VALID_WITH_WARNINGS,"12 amplitude-outlier channel(s) (> 500.0 µV): Fp1., Fpz., Fp2., Af7., Af3. ...","1 warning(s): 12 amplitude-outlier channel(s) (> 500.0 µV): Fp1., Fpz., Fp2., Af7., Af3. ...",
S095,4,R04,data/raw/physionet/S095/S095R04.edf,test,True,2596896,True,64,64,160.0,124.99375,20000,True,15,7,8,30,0,0,False,False,0,64,,Fc5.|Fc3.|Fc1.|Fcz.|Fc2.|Fc4.|Fc6.|C5..|C3..|C1..|Cz..|C2..|C4..|C6..|Cp5.|Cp3.|Cp1.|Cpz.|Cp2.|Cp4.|Cp6.|Fp1.|Fpz.|Fp2.|Af7.|Af3.|Afz.|Af4.|Af8.|F7..|F5..|F3..|F1..|Fz..|F2..|F4..|F6..|F8..|Ft7.|Ft8.|T7..|T8..|T9..|T10.|Tp7.|Tp8.|P7..|P5..|P3..|P1..|Pz..|P2..|P4..|P6..|P8..|Po7.|Po3.|Poz.|Po4.|Po8.|O1..|Oz..|O2..|Iz..,True,left_fist_imagery,right_fist_imagery,15,VALID_WITH_WARNINGS,"64 amplitude-outlier channel(s) (> 500.0 µV): Fc5., Fc3., Fc1., Fcz., Fc2. ...","1 warning(s): 64 amplitude-outlier channel(s) (> 500.0 µV): Fc5., Fc3., Fc1., Fcz., Fc2. ...",
S095,8,R08,data/raw/physionet/S095/S095R08.edf,test,True,2596896,True,64,64,160.0,124.99375,20000,True,15,8,7,30,0,0,False,False,0,64,,Fc5.|Fc3.|Fc1.|Fcz.|Fc2.|Fc4.|Fc6.|C5..|C3..|C1..|Cz..|C2..|C4..|C6..|Cp5.|Cp3.|Cp1.|Cpz.|Cp2.|Cp4.|Cp6.|Fp1.|Fpz.|Fp2.|Af7.|Af3.|Afz.|Af4.|Af8.|F7..|F5..|F3..|F1..|Fz..|F2..|F4..|F6..|F8..|Ft7.|Ft8.|T7..|T8..|T9..|T10.|Tp7.|Tp8.|P7..|P5..|P3..|P1..|Pz..|P2..|P4..|P6..|P8..|Po7.|Po3.|Poz.|Po4.|Po8.|O1..|Oz..|O2..|Iz..,True,left_fist_imagery,right_fist_imagery,15,VALID_WITH_WARNINGS,"64 amplitude-outlier channel(s) (> 500.0 µV): Fc5., Fc3., Fc1., Fcz., Fc2. ...","1 warning(s): 64 amplitude-outlier channel(s) (> 500.0 µV): Fc5., Fc3., Fc1., Fcz., Fc2. ...",
S095,12,R12,data/raw/physionet/S095/S095R12.edf,test,True,2596896,True,64,64,160.0,124.99375,20000,True,15,8,7,30,0,0,False,False,0,64,,Fc5.|Fc3.|Fc1.|Fcz.|Fc2.|Fc4.|Fc6.|C5..|C3..|C1..|Cz..|C2..|C4..|C6..|Cp5.|Cp3.|Cp1.|Cpz.|Cp2.|Cp4.|Cp6.|Fp1.|Fpz.|Fp2.|Af7.|Af3.|Afz.|Af4.|Af8.|F7..|F5..|F3..|F1..|Fz..|F2..|F4..|F6..|F8..|Ft7.|Ft8.|T7..|T8..|T9..|T10.|Tp7.|Tp8.|P7..|P5..|P3..|P1..|Pz..|P2..|P4..|P6..|P8..|Po7.|Po3.|Poz.|Po4.|Po8.|O1..|Oz..|O2..|Iz..,True,left_fist_imagery,right_fist_imagery,15,VALID_WITH_WARNINGS,"64 amplitude-outlier channel(s) (> 500.0 µV): Fc5., Fc3., Fc1., Fcz., Fc2. ...","1 warning(s): 64 amplitude-outlier channel(s) (> 500.0 µV): Fc5., Fc3., Fc1., Fcz., Fc2. ...",
S096,4,R04,data/raw/physionet/S096/S096R04.edf,test,True,2596896,True,64,64,160.0,124.99375,20000,True,15,7,8,30,0,0,False,False,0,17,,Fp1.|Fpz.|Fp2.|Af7.|Af3.|Afz.|Af4.|Af8.|F7..|F5..|F3..|F1..|Fz..|F2..|F4..|F6..|F8..,True,left_fist_imagery,right_fist_imagery,15,VALID_WITH_WARNINGS,"17 amplitude-outlier channel(s) (> 500.0 µV): Fp1., Fpz., Fp2., Af7., Af3. ...","1 warning(s): 17 amplitude-outlier channel(s) (> 500.0 µV): Fp1., Fpz., Fp2., Af7., Af3. ...",
S096,8,R08,data/raw/physionet/S096/S096R08.edf,test,True,2596896,True,64,64,160.0,124.99375,20000,True,15,8,7,30,0,0,False,False,0,21,,Fc5.|Fc2.|Fp1.|Fpz.|Fp2.|Af7.|Af3.|Afz.|Af4.|Af8.|F7..|F5..|F3..|F1..|Fz..|F2..|F4..|F6..|F8..|Ft8.|T10.,True,left_fist_imagery,right_fist_imagery,15,VALID_WITH_WARNINGS,"21 amplitude-outlier channel(s) (> 500.0 µV): Fc5., Fc2., Fp1., Fpz., Fp2. ...","1 warning(s): 21 amplitude-outlier channel(s) (> 500.0 µV): Fc5., Fc2., Fp1., Fpz., Fp2. ...",
S096,12,R12,data/raw/physionet/S096/S096R12.edf,test,True,2596896,True,64,64,160.0,124.99375,20000,True,15,8,7,30,0,0,False,False,0,64,,Fc5.|Fc3.|Fc1.|Fcz.|Fc2.|Fc4.|Fc6.|C5..|C3..|C1..|Cz..|C2..|C4..|C6..|Cp5.|Cp3.|Cp1.|Cpz.|Cp2.|Cp4.|Cp6.|Fp1.|Fpz.|Fp2.|Af7.|Af3.|Afz.|Af4.|Af8.|F7..|F5..|F3..|F1..|Fz..|F2..|F4..|F6..|F8..|Ft7.|Ft8.|T7..|T8..|T9..|T10.|Tp7.|Tp8.|P7..|P5..|P3..|P1..|Pz..|P2..|P4..|P6..|P8..|Po7.|Po3.|Poz.|Po4.|Po8.|O1..|Oz..|O2..|Iz..,True,left_fist_imagery,right_fist_imagery,15,VALID_WITH_WARNINGS,"64 amplitude-outlier channel(s) (> 500.0 µV): Fc5., Fc3., Fc1., Fcz., Fc2. ...","1 warning(s): 64 amplitude-outlier channel(s) (> 500.0 µV): Fc5., Fc3., Fc1., Fcz., Fc2. ...",
S097,4,R04,data/raw/physionet/S097/S097R04.edf,test,True,2555616,True,64,64,160.0,122.99375,19680,True,15,8,7,30,0,0,False,False,0,47,,Fc5.|Fc3.|Fcz.|Fc2.|Fc4.|Fc6.|C5..|C1..|Fp1.|Fpz.|Fp2.|Af3.|Afz.|Af4.|Af8.|F7..|F5..|F3..|F1..|F6..|F8..|Ft7.|Ft8.|T7..|T8..|T9..|T10.|Tp7.|Tp8.|P7..|P5..|P3..|P1..|Pz..|P2..|P4..|P6..|P8..|Po7.|Po3.|Poz.|Po4.|Po8.|O1..|Oz..|O2..|Iz..,True,left_fist_imagery,right_fist_imagery,15,VALID_WITH_WARNINGS,"47 amplitude-outlier channel(s) (> 500.0 µV): Fc5., Fc3., Fcz., Fc2., Fc4. ...","1 warning(s): 47 amplitude-outlier channel(s) (> 500.0 µV): Fc5., Fc3., Fcz., Fc2., Fc4. ...",
S097,8,R08,data/raw/physionet/S097/S097R08.edf,test,True,2555616,True,64,64,160.0,122.99375,19680,True,15,7,8,30,0,0,False,False,0,64,,Fc5.|Fc3.|Fc1.|Fcz.|Fc2.|Fc4.|Fc6.|C5..|C3..|C1..|Cz..|C2..|C4..|C6..|Cp5.|Cp3.|Cp1.|Cpz.|Cp2.|Cp4.|Cp6.|Fp1.|Fpz.|Fp2.|Af7.|Af3.|Afz.|Af4.|Af8.|F7..|F5..|F3..|F1..|Fz..|F2..|F4..|F6..|F8..|Ft7.|Ft8.|T7..|T8..|T9..|T10.|Tp7.|Tp8.|P7..|P5..|P3..|P1..|Pz..|P2..|P4..|P6..|P8..|Po7.|Po3.|Poz.|Po4.|Po8.|O1..|Oz..|O2..|Iz..,True,left_fist_imagery,right_fist_imagery,15,VALID_WITH_WARNINGS,"64 amplitude-outlier channel(s) (> 500.0 µV): Fc5., Fc3., Fc1., Fcz., Fc2. ...","1 warning(s): 64 amplitude-outlier channel(s) (> 500.0 µV): Fc5., Fc3., Fc1., Fcz., Fc2. ...",
S097,12,R12,data/raw/physionet/S097/S097R12.edf,test,True,2555616,True,64,64,160.0,122.99375,19680,True,15,8,7,30,0,0,False,False,0,7,,Fp1.|Fpz.|Fp2.|Af3.|Af8.|F7..|F5..,True,left_fist_imagery,right_fist_imagery,15,VALID_WITH_WARNINGS,"7 amplitude-outlier channel(s) (> 500.0 µV): Fp1., Fpz., Fp2., Af3., Af8. ...","1 warning(s): 7 amplitude-outlier channel(s) (> 500.0 µV): Fp1., Fpz., Fp2., Af3., Af8. ...",
S099,4,R04,data/raw/physionet/S099/S099R04.edf,test,True,2555616,True,64,64,160.0,122.99375,19680,True,15,7,8,30,0,0,False,False,0,7,,Cp4.|Fp1.|Fp2.|Af7.|Af8.|F4..|Po7.,True,left_fist_imagery,right_fist_imagery,15,VALID_WITH_WARNINGS,"7 amplitude-outlier channel(s) (> 500.0 µV): Cp4., Fp1., Fp2., Af7., Af8. ...","1 warning(s): 7 amplitude-outlier channel(s) (> 500.0 µV): Cp4., Fp1., Fp2., Af7., Af8. ...",
S099,8,R08,data/raw/physionet/S099/S099R08.edf,test,True,2555616,True,64,64,160.0,122.99375,19680,True,15,8,7,30,0,0,False,False,0,10,,Fp1.|Fpz.|Fp2.|Af7.|Af3.|Af4.|Af8.|F7..|F5..|F8..,True,left_fist_imagery,right_fist_imagery,15,VALID_WITH_WARNINGS,"10 amplitude-outlier channel(s) (> 500.0 µV): Fp1., Fpz., Fp2., Af7., Af3. ...","1 warning(s): 10 amplitude-outlier channel(s) (> 500.0 µV): Fp1., Fpz., Fp2., Af7., Af3. ...",
S099,12,R12,data/raw/physionet/S099/S099R12.edf,test,True,2555616,True,64,64,160.0,122.99375,19680,True,15,7,8,30,0,0,False,False,0,13,,Fp1.|Fpz.|Fp2.|Af7.|Af3.|Afz.|Af4.|Af8.|F7..|F1..|F8..|Po7.|O2..,True,left_fist_imagery,right_fist_imagery,15,VALID_WITH_WARNINGS,"13 amplitude-outlier channel(s) (> 500.0 µV): Fp1., Fpz., Fp2., Af7., Af3. ...","1 warning(s): 13 amplitude-outlier channel(s) (> 500.0 µV): Fp1., Fpz., Fp2., Af7., Af3. ...",
S100,4,R04,data/raw/physionet/S100/S100R04.edf,test,True,2047872,True,64,64,128.0,122.9921875,15744,True,12,6,6,24,0,0,False,False,0,18,,Fc3.|Fp1.|Fpz.|Fp2.|Af7.|Af3.|Afz.|Af4.|Af8.|F7..|F5..|F3..|F1..|Fz..|F2..|F4..|F6..|Ft7.,True,left_fist_imagery,right_fist_imagery,12,VALID_WITH_WARNINGS,"Non-standard sampling frequency: 128.0 Hz (majority is 160.0 Hz)|18 amplitude-outlier channel(s) (> 500.0 µV): Fc3., Fp1., Fpz., Fp2., Af7. ...","2 warning(s): Non-standard sampling frequency: 128.0 Hz (majority is 160.0 Hz); 18 amplitude-outlier channel(s) (> 500.0 µV): Fc3., Fp1., Fpz., Fp2., Af7. ...",
S100,8,R08,data/raw/physionet/S100/S100R08.edf,test,True,2047872,True,64,64,128.0,122.9921875,15744,True,12,6,6,24,0,0,False,False,0,17,,Fp1.|Fpz.|Fp2.|Af7.|Af3.|Afz.|Af4.|Af8.|F7..|F5..|F3..|F1..|Fz..|F2..|F4..|F6..|F8..,True,left_fist_imagery,right_fist_imagery,12,VALID_WITH_WARNINGS,"Non-standard sampling frequency: 128.0 Hz (majority is 160.0 Hz)|17 amplitude-outlier channel(s) (> 500.0 µV): Fp1., Fpz., Fp2., Af7., Af3. ...","2 warning(s): Non-standard sampling frequency: 128.0 Hz (majority is 160.0 Hz); 17 amplitude-outlier channel(s) (> 500.0 µV): Fp1., Fpz., Fp2., Af7., Af3. ...",
S100,12,R12,data/raw/physionet/S100/S100R12.edf,test,True,2047872,True,64,64,128.0,122.9921875,15744,True,12,6,6,24,0,0,False,False,0,11,,Fp1.|Fpz.|Fp2.|Af7.|Af3.|Af4.|Af8.|F7..|F5..|F6..|F8..,True,left_fist_imagery,right_fist_imagery,12,VALID_WITH_WARNINGS,"Non-standard sampling frequency: 128.0 Hz (majority is 160.0 Hz)|11 amplitude-outlier channel(s) (> 500.0 µV): Fp1., Fpz., Fp2., Af7., Af3. ...","2 warning(s): Non-standard sampling frequency: 128.0 Hz (majority is 160.0 Hz); 11 amplitude-outlier channel(s) (> 500.0 µV): Fp1., Fpz., Fp2., Af7., Af3. ...",
S101,4,R04,data/raw/physionet/S101/S101R04.edf,test,True,2596896,True,64,64,160.0,124.99375,20000,True,15,8,7,30,0,0,False,False,0,12,,Fp1.|Fpz.|Fp2.|Af7.|Af3.|Afz.|Af4.|Af8.|F7..|F5..|F3..|F1..,True,left_fist_imagery,right_fist_imagery,15,VALID_WITH_WARNINGS,"12 amplitude-outlier channel(s) (> 500.0 µV): Fp1., Fpz., Fp2., Af7., Af3. ...","1 warning(s): 12 amplitude-outlier channel(s) (> 500.0 µV): Fp1., Fpz., Fp2., Af7., Af3. ...",
S101,8,R08,data/raw/physionet/S101/S101R08.edf,test,True,2596896,True,64,64,160.0,124.99375,20000,True,15,7,8,30,0,0,False,False,0,8,,Fp1.|Fpz.|Fp2.|Af7.|Af3.|Afz.|Af4.|Af8.,True,left_fist_imagery,right_fist_imagery,15,VALID_WITH_WARNINGS,"8 amplitude-outlier channel(s) (> 500.0 µV): Fp1., Fpz., Fp2., Af7., Af3. ...","1 warning(s): 8 amplitude-outlier channel(s) (> 500.0 µV): Fp1., Fpz., Fp2., Af7., Af3. ...",
S101,12,R12,data/raw/physionet/S101/S101R12.edf,test,True,2596896,True,64,64,160.0,124.99375,20000,True,15,7,8,30,0,0,False,False,0,17,,Fp1.|Fpz.|Fp2.|Af7.|Af3.|Afz.|Af4.|Af8.|F7..|F5..|F3..|F1..|Fz..|F2..|F4..|F6..|F8..,True,left_fist_imagery,right_fist_imagery,15,VALID_WITH_WARNINGS,"17 amplitude-outlier channel(s) (> 500.0 µV): Fp1., Fpz., Fp2., Af7., Af3. ...","1 warning(s): 17 amplitude-outlier channel(s) (> 500.0 µV): Fp1., Fpz., Fp2., Af7., Af3. ...",
S103,4,R04,data/raw/physionet/S103/S103R04.edf,test,True,2596896,True,64,64,160.0,124.99375,20000,True,15,7,8,30,0,0,False,False,0,60,,Fc5.|Fc3.|Fc1.|Fcz.|Fc2.|Fc4.|Fc6.|C5..|C3..|C1..|Cz..|C2..|C4..|C6..|Cp5.|Cp3.|Cp1.|Fp1.|Fpz.|Fp2.|Af7.|Af3.|Afz.|Af4.|Af8.|F7..|F5..|F3..|F1..|Fz..|F2..|F4..|F6..|F8..|Ft7.|Ft8.|T7..|T8..|T9..|T10.|Tp7.|Tp8.|P7..|P5..|P3..|P1..|Pz..|P2..|P4..|P6..|P8..|Po7.|Po3.|Poz.|Po4.|Po8.|O1..|Oz..|O2..|Iz..,True,left_fist_imagery,right_fist_imagery,15,VALID_WITH_WARNINGS,"60 amplitude-outlier channel(s) (> 500.0 µV): Fc5., Fc3., Fc1., Fcz., Fc2. ...","1 warning(s): 60 amplitude-outlier channel(s) (> 500.0 µV): Fc5., Fc3., Fc1., Fcz., Fc2. ...",
S103,8,R08,data/raw/physionet/S103/S103R08.edf,test,True,2596896,True,64,64,160.0,124.99375,20000,True,15,8,7,30,0,0,False,False,0,16,,Fc3.|Fp1.|Fpz.|Fp2.|Af7.|Af3.|Af4.|Af8.|F3..|F1..|Ft7.|T7..|T9..|Pz..|Po7.|Iz..,True,left_fist_imagery,right_fist_imagery,15,VALID_WITH_WARNINGS,"16 amplitude-outlier channel(s) (> 500.0 µV): Fc3., Fp1., Fpz., Fp2., Af7. ...","1 warning(s): 16 amplitude-outlier channel(s) (> 500.0 µV): Fc3., Fp1., Fpz., Fp2., Af7. ...",
S103,12,R12,data/raw/physionet/S103/S103R12.edf,test,True,2596896,True,64,64,160.0,124.99375,20000,True,15,7,8,30,0,0,False,False,0,6,,Fp1.|Fpz.|Fp2.|Af7.|Af3.|Af8.,True,left_fist_imagery,right_fist_imagery,15,VALID_WITH_WARNINGS,"6 amplitude-outlier channel(s) (> 500.0 µV): Fp1., Fpz., Fp2., Af7., Af3. ...","1 warning(s): 6 amplitude-outlier channel(s) (> 500.0 µV): Fp1., Fpz., Fp2., Af7., Af3. ...",
S104,8,R08,data/raw/physionet/S104/S104R08.edf,test,True,2204736,True,64,64,160.0,105.99375,16960,True,13,7,6,26,0,0,False,False,0,0,,,True,left_fist_imagery,right_fist_imagery,13,VALID_WITH_WARNINGS,Recording duration 106.0 s is below minimum threshold 120.0 s (truncated run),1 warning(s): Recording duration 106.0 s is below minimum threshold 120.0 s (truncated run),
S106,4,R04,data/raw/physionet/S106/S106R04.edf,test,True,2596896,True,64,64,160.0,124.99375,20000,True,15,8,7,30,0,0,False,False,0,7,,Fp1.|Fpz.|Fp2.|Af7.|Af3.|Af4.|Af8.,True,left_fist_imagery,right_fist_imagery,15,VALID_WITH_WARNINGS,"7 amplitude-outlier channel(s) (> 500.0 µV): Fp1., Fpz., Fp2., Af7., Af3. ...","1 warning(s): 7 amplitude-outlier channel(s) (> 500.0 µV): Fp1., Fpz., Fp2., Af7., Af3. ...",
S106,8,R08,data/raw/physionet/S106/S106R08.edf,test,True,2596896,True,64,64,160.0,124.99375,20000,True,15,8,7,30,0,0,False,False,0,7,,Fp1.|Fpz.|Fp2.|Af7.|Af3.|Af4.|Af8.,True,left_fist_imagery,right_fist_imagery,15,VALID_WITH_WARNINGS,"7 amplitude-outlier channel(s) (> 500.0 µV): Fp1., Fpz., Fp2., Af7., Af3. ...","1 warning(s): 7 amplitude-outlier channel(s) (> 500.0 µV): Fp1., Fpz., Fp2., Af7., Af3. ...",
S106,12,R12,data/raw/physionet/S106/S106R12.edf,test,True,2596896,True,64,64,160.0,124.99375,20000,True,15,8,7,30,0,0,False,False,0,7,,Fp1.|Fpz.|Fp2.|Af7.|Af3.|Af4.|Af8.,True,left_fist_imagery,right_fist_imagery,15,VALID_WITH_WARNINGS,"7 amplitude-outlier channel(s) (> 500.0 µV): Fp1., Fpz., Fp2., Af7., Af3. ...","1 warning(s): 7 amplitude-outlier channel(s) (> 500.0 µV): Fp1., Fpz., Fp2., Af7., Af3. ...",
S107,4,R04,data/raw/physionet/S107/S107R04.edf,test,True,2596896,True,64,64,160.0,124.99375,20000,True,15,8,7,30,0,0,False,False,0,2,,Fp1.|Af8.,True,left_fist_imagery,right_fist_imagery,15,VALID_WITH_WARNINGS,"2 amplitude-outlier channel(s) (> 500.0 µV): Fp1., Af8.","1 warning(s): 2 amplitude-outlier channel(s) (> 500.0 µV): Fp1., Af8.",
S107,8,R08,data/raw/physionet/S107/S107R08.edf,test,True,2596896,True,64,64,160.0,124.99375,20000,True,15,8,7,30,0,0,False,False,0,8,,Af7.|Af8.|F7..|F4..|F6..|F8..|P5..|Iz..,True,left_fist_imagery,right_fist_imagery,15,VALID_WITH_WARNINGS,"8 amplitude-outlier channel(s) (> 500.0 µV): Af7., Af8., F7.., F4.., F6.. ...","1 warning(s): 8 amplitude-outlier channel(s) (> 500.0 µV): Af7., Af8., F7.., F4.., F6.. ...",
S107,12,R12,data/raw/physionet/S107/S107R12.edf,test,True,2596896,True,64,64,160.0,124.99375,20000,True,15,8,7,30,0,0,False,False,0,4,,Fc6.|Fp1.|Af7.|Af8.,True,left_fist_imagery,right_fist_imagery,15,VALID_WITH_WARNINGS,"4 amplitude-outlier channel(s) (> 500.0 µV): Fc6., Fp1., Af7., Af8.","1 warning(s): 4 amplitude-outlier channel(s) (> 500.0 µV): Fc6., Fp1., Af7., Af8.",
S108,4,R04,data/raw/physionet/S108/S108R04.edf,test,True,2555616,True,64,64,160.0,122.99375,19680,True,15,7,8,30,0,0,False,False,0,13,,Fc6.|Fp1.|Fpz.|Fp2.|Af7.|Af3.|Af4.|Af8.|F7..|F5..|F8..|Ft7.|T7..,True,left_fist_imagery,right_fist_imagery,15,VALID_WITH_WARNINGS,"13 amplitude-outlier channel(s) (> 500.0 µV): Fc6., Fp1., Fpz., Fp2., Af7. ...","1 warning(s): 13 amplitude-outlier channel(s) (> 500.0 µV): Fc6., Fp1., Fpz., Fp2., Af7. ...",
S108,8,R08,data/raw/physionet/S108/S108R08.edf,test,True,2555616,True,64,64,160.0,122.99375,19680,True,15,7,8,30,0,0,False,False,0,17,,Fp1.|Fpz.|Fp2.|Af7.|Af3.|Afz.|Af4.|Af8.|F7..|F5..|F3..|F1..|Fz..|F2..|F4..|F6..|F8..,True,left_fist_imagery,right_fist_imagery,15,VALID_WITH_WARNINGS,"17 amplitude-outlier channel(s) (> 500.0 µV): Fp1., Fpz., Fp2., Af7., Af3. ...","1 warning(s): 17 amplitude-outlier channel(s) (> 500.0 µV): Fp1., Fpz., Fp2., Af7., Af3. ...",
S108,12,R12,data/raw/physionet/S108/S108R12.edf,test,True,2555616,True,64,64,160.0,122.99375,19680,True,15,8,7,30,0,0,False,False,0,18,,Fp1.|Fpz.|Fp2.|Af7.|Af3.|Afz.|Af4.|Af8.|F7..|F5..|F3..|F1..|Fz..|F2..|F4..|F6..|F8..|Ft7.,True,left_fist_imagery,right_fist_imagery,15,VALID_WITH_WARNINGS,"18 amplitude-outlier channel(s) (> 500.0 µV): Fp1., Fpz., Fp2., Af7., Af3. ...","1 warning(s): 18 amplitude-outlier channel(s) (> 500.0 µV): Fp1., Fpz., Fp2., Af7., Af3. ...",
